Cromosoma,Turno,Empleado ID,Area
1,1,4,Limpieza
1,1,17,Cocina
1,1,22,Mesero
1,1,11,Cocina
1,1,16,Mesero
1,1,1,Mesero
1,1,11,Limpieza
1,1,7,Cocina
1,2,20,Cocina
1,2,1,Cocina
1,2,13,Mesero
1,2,25,Mesero
1,2,7,Cocina
1,2,30,Cocina
1,2,28,Mesero
1,2,26,Limpieza
1,3,1,Limpieza
1,3,15,Limpieza
1,3,20,Cocina
1,3,12,Limpieza
1,3,28,Cocina
1,3,21,Cocina
1,3,18,Mesero
1,3,17,Cocina
1,4,22,Limpieza
1,4,29,Mesero
1,4,26,Mesero
1,4,2,Mesero
1,4,17,Cocina
1,4,24,Mesero
1,4,30,Mesero
1,4,8,Limpieza
1,5,4,Cocina
1,5,9,Mesero
1,5,23,Mesero
1,5,28,Cocina
1,5,12,Limpieza
1,5,1,Limpieza
1,5,2,Cocina
1,5,25,Limpieza
1,6,14,Cocina
1,6,29,Mesero
1,6,12,Cocina
1,6,13,Cocina
1,6,1,Cocina
1,6,2,Limpieza
1,6,5,Cocina
1,6,28,Limpieza
1,7,3,Limpieza
1,7,24,Limpieza
1,7,11,Mesero
1,7,18,Cocina
1,7,8,Limpieza
1,7,18,Limpieza
1,7,24,Mesero
1,7,6,Mesero
1,8,4,Cocina
1,8,24,Mesero
1,8,25,Cocina
1,8,5,Mesero
1,8,24,Mesero
1,8,18,Cocina
1,8,13,Cocina
1,8,8,Limpieza
1,9,22,Cocina
1,9,5,Cocina
1,9,14,Mesero
1,9,27,Cocina
1,9,10,Cocina
1,9,4,Cocina
1,9,14,Limpieza
1,9,28,Mesero
1,10,3,Mesero
1,10,30,Cocina
1,10,21,Mesero
1,10,15,Mesero
1,10,5,Mesero
1,10,18,Limpieza
1,10,13,Mesero
1,10,17,Cocina
1,11,30,Limpieza
1,11,28,Cocina
1,11,20,Limpieza
1,11,21,Mesero
1,11,18,Mesero
1,11,25,Limpieza
1,11,26,Mesero
1,11,19,Cocina
1,12,29,Mesero
1,12,19,Cocina
1,12,6,Limpieza
1,12,17,Cocina
1,12,14,Cocina
1,12,15,Cocina
1,12,2,Limpieza
1,12,14,Cocina
1,13,15,Cocina
1,13,6,Mesero
1,13,11,Cocina
1,13,23,Cocina
1,13,26,Cocina
1,13,2,Cocina
1,13,15,Limpieza
1,13,16,Limpieza
1,14,16,Mesero
1,14,11,Limpieza
1,14,20,Mesero
1,14,18,Cocina
1,14,13,Mesero
1,14,23,Limpieza
1,14,7,Cocina
1,14,26,Limpieza
2,1,4,Limpieza
2,1,17,Cocina
2,1,22,Mesero
2,1,11,Cocina
2,1,16,Mesero
2,1,1,Mesero
2,1,11,Limpieza
2,1,7,Cocina
2,2,20,Cocina
2,2,1,Cocina
2,2,13,Mesero
2,2,25,Mesero
2,2,7,Cocina
2,2,30,Cocina
2,2,28,Mesero
2,2,26,Limpieza
2,3,1,Limpieza
2,3,15,Limpieza
2,3,20,Cocina
2,3,12,Limpieza
2,3,28,Cocina
2,3,21,Cocina
2,3,18,Mesero
2,3,17,Cocina
2,4,22,Limpieza
2,4,29,Mesero
2,4,26,Mesero
2,4,2,Mesero
2,4,17,Cocina
2,4,24,Mesero
2,4,30,Mesero
2,4,8,Limpieza
2,5,4,Cocina
2,5,9,Mesero
2,5,23,Mesero
2,5,28,Cocina
2,5,12,Limpieza
2,5,1,Limpieza
2,5,2,Cocina
2,5,25,Limpieza
2,6,14,Cocina
2,6,29,Mesero
2,6,12,Cocina
2,6,13,Cocina
2,6,1,Cocina
2,6,2,Limpieza
2,6,5,Cocina
2,6,28,Limpieza
2,7,3,Limpieza
2,7,24,Limpieza
2,7,11,Mesero
2,7,18,Cocina
2,7,8,Limpieza
2,7,18,Limpieza
2,7,24,Mesero
2,7,6,Mesero
2,8,4,Cocina
2,8,24,Mesero
2,8,25,Cocina
2,8,5,Mesero
2,8,24,Mesero
2,8,18,Cocina
2,8,13,Cocina
2,8,8,Limpieza
2,9,22,Cocina
2,9,5,Cocina
2,9,14,Mesero
2,9,27,Cocina
2,9,10,Cocina
2,9,4,Cocina
2,9,14,Limpieza
2,9,28,Mesero
2,10,3,Mesero
2,10,30,Cocina
2,10,21,Mesero
2,10,15,Mesero
2,10,5,Mesero
2,10,18,Limpieza
2,10,13,Mesero
2,10,17,Cocina
2,11,30,Limpieza
2,11,28,Cocina
2,11,20,Limpieza
2,11,21,Mesero
2,11,18,Mesero
2,11,25,Limpieza
2,11,26,Mesero
2,11,19,Cocina
2,12,29,Mesero
2,12,19,Cocina
2,12,6,Limpieza
2,12,17,Cocina
2,12,14,Cocina
2,12,15,Cocina
2,12,2,Limpieza
2,12,14,Cocina
2,13,15,Cocina
2,13,6,Mesero
2,13,11,Cocina
2,13,23,Cocina
2,13,26,Cocina
2,13,2,Cocina
2,13,15,Limpieza
2,13,16,Limpieza
2,14,16,Mesero
2,14,11,Limpieza
2,14,20,Mesero
2,14,18,Cocina
2,14,13,Mesero
2,14,23,Limpieza
2,14,7,Cocina
2,14,26,Limpieza
3,1,14,Cocina
3,1,29,Mesero
3,1,12,Cocina
3,1,13,Cocina
3,1,1,Cocina
3,1,2,Limpieza
3,1,5,Cocina
3,1,28,Limpieza
3,2,20,Cocina
3,2,1,Cocina
3,2,13,Mesero
3,2,25,Mesero
3,2,7,Cocina
3,2,30,Cocina
3,2,28,Mesero
3,2,26,Limpieza
3,3,1,Limpieza
3,3,15,Limpieza
3,3,20,Cocina
3,3,12,Limpieza
3,3,28,Cocina
3,3,21,Cocina
3,3,18,Mesero
3,3,17,Cocina
3,4,22,Limpieza
3,4,29,Mesero
3,4,26,Mesero
3,4,2,Mesero
3,4,17,Cocina
3,4,24,Mesero
3,4,30,Mesero
3,4,8,Limpieza
3,5,4,Cocina
3,5,9,Mesero
3,5,23,Mesero
3,5,28,Cocina
3,5,12,Limpieza
3,5,1,Limpieza
3,5,2,Cocina
3,5,25,Limpieza
3,6,4,Limpieza
3,6,17,Cocina
3,6,22,Mesero
3,6,11,Cocina
3,6,16,Mesero
3,6,1,Mesero
3,6,11,Limpieza
3,6,7,Cocina
3,7,3,Limpieza
3,7,24,Limpieza
3,7,11,Mesero
3,7,18,Cocina
3,7,8,Limpieza
3,7,18,Limpieza
3,7,24,Mesero
3,7,6,Mesero
3,8,4,Cocina
3,8,24,Mesero
3,8,25,Cocina
3,8,5,Mesero
3,8,24,Mesero
3,8,18,Cocina
3,8,13,Cocina
3,8,8,Limpieza
3,9,22,Cocina
3,9,5,Cocina
3,9,14,Mesero
3,9,27,Cocina
3,9,10,Cocina
3,9,4,Cocina
3,9,14,Limpieza
3,9,28,Mesero
3,10,3,Mesero
3,10,30,Cocina
3,10,21,Mesero
3,10,15,Mesero
3,10,5,Mesero
3,10,18,Limpieza
3,10,13,Mesero
3,10,17,Cocina
3,11,30,Limpieza
3,11,28,Cocina
3,11,20,Limpieza
3,11,21,Mesero
3,11,18,Mesero
3,11,25,Limpieza
3,11,26,Mesero
3,11,19,Cocina
3,12,29,Mesero
3,12,19,Cocina
3,12,6,Limpieza
3,12,17,Cocina
3,12,14,Cocina
3,12,15,Cocina
3,12,2,Limpieza
3,12,14,Cocina
3,13,15,Cocina
3,13,6,Mesero
3,13,11,Cocina
3,13,23,Cocina
3,13,26,Cocina
3,13,2,Cocina
3,13,15,Limpieza
3,13,16,Limpieza
3,14,16,Mesero
3,14,11,Limpieza
3,14,20,Mesero
3,14,18,Cocina
3,14,13,Mesero
3,14,23,Limpieza
3,14,7,Cocina
3,14,26,Limpieza
4,1,4,Limpieza
4,1,17,Cocina
4,1,22,Mesero
4,1,11,Cocina
4,1,16,Mesero
4,1,1,Mesero
4,1,11,Limpieza
4,1,7,Cocina
4,2,20,Cocina
4,2,1,Cocina
4,2,13,Mesero
4,2,25,Mesero
4,2,7,Cocina
4,2,30,Cocina
4,2,28,Mesero
4,2,26,Limpieza
4,3,1,Limpieza
4,3,15,Limpieza
4,3,20,Cocina
4,3,12,Limpieza
4,3,28,Cocina
4,3,21,Cocina
4,3,18,Mesero
4,3,17,Cocina
4,4,22,Limpieza
4,4,29,Mesero
4,4,26,Mesero
4,4,2,Mesero
4,4,17,Cocina
4,4,24,Mesero
4,4,30,Mesero
4,4,8,Limpieza
4,5,4,Cocina
4,5,9,Mesero
4,5,23,Mesero
4,5,28,Cocina
4,5,12,Limpieza
4,5,1,Limpieza
4,5,2,Cocina
4,5,25,Limpieza
4,6,14,Cocina
4,6,29,Mesero
4,6,12,Cocina
4,6,13,Cocina
4,6,1,Cocina
4,6,2,Limpieza
4,6,5,Cocina
4,6,28,Limpieza
4,7,3,Limpieza
4,7,24,Limpieza
4,7,11,Mesero
4,7,18,Cocina
4,7,8,Limpieza
4,7,18,Limpieza
4,7,24,Mesero
4,7,6,Mesero
4,8,4,Cocina
4,8,24,Mesero
4,8,25,Cocina
4,8,5,Mesero
4,8,24,Mesero
4,8,18,Cocina
4,8,13,Cocina
4,8,8,Limpieza
4,9,22,Cocina
4,9,5,Cocina
4,9,14,Mesero
4,9,27,Cocina
4,9,10,Cocina
4,9,4,Cocina
4,9,14,Limpieza
4,9,28,Mesero
4,10,3,Mesero
4,10,30,Cocina
4,10,21,Mesero
4,10,15,Mesero
4,10,5,Mesero
4,10,18,Limpieza
4,10,13,Mesero
4,10,17,Cocina
4,11,30,Limpieza
4,11,28,Cocina
4,11,20,Limpieza
4,11,21,Mesero
4,11,18,Mesero
4,11,25,Limpieza
4,11,26,Mesero
4,11,19,Cocina
4,12,29,Mesero
4,12,19,Cocina
4,12,6,Limpieza
4,12,17,Cocina
4,12,14,Cocina
4,12,15,Cocina
4,12,2,Limpieza
4,12,14,Cocina
4,13,15,Cocina
4,13,6,Mesero
4,13,11,Cocina
4,13,23,Cocina
4,13,26,Cocina
4,13,2,Cocina
4,13,15,Limpieza
4,13,16,Limpieza
4,14,16,Mesero
4,14,11,Limpieza
4,14,20,Mesero
4,14,18,Cocina
4,14,13,Mesero
4,14,23,Limpieza
4,14,7,Cocina
4,14,26,Limpieza
5,1,4,Limpieza
5,1,17,Cocina
5,1,22,Mesero
5,1,11,Cocina
5,1,16,Mesero
5,1,1,Mesero
5,1,11,Limpieza
5,1,7,Cocina
5,2,20,Cocina
5,2,1,Cocina
5,2,13,Mesero
5,2,25,Mesero
5,2,7,Cocina
5,2,30,Cocina
5,2,28,Mesero
5,2,26,Limpieza
5,3,1,Limpieza
5,3,15,Limpieza
5,3,20,Cocina
5,3,12,Limpieza
5,3,28,Cocina
5,3,21,Cocina
5,3,18,Mesero
5,3,17,Cocina
5,4,16,Mesero
5,4,11,Limpieza
5,4,20,Mesero
5,4,18,Cocina
5,4,13,Mesero
5,4,23,Limpieza
5,4,7,Cocina
5,4,26,Limpieza
5,5,4,Cocina
5,5,9,Mesero
5,5,23,Mesero
5,5,28,Cocina
5,5,12,Limpieza
5,5,1,Limpieza
5,5,2,Cocina
5,5,25,Limpieza
5,6,14,Cocina
5,6,29,Mesero
5,6,12,Cocina
5,6,13,Cocina
5,6,1,Cocina
5,6,2,Limpieza
5,6,5,Cocina
5,6,28,Limpieza
5,7,29,Mesero
5,7,3,Limpieza
5,7,3,Limpieza
5,7,27,Cocina
5,7,21,Mesero
5,7,19,Limpieza
5,7,11,Limpieza
5,7,4,Mesero
5,8,4,Cocina
5,8,24,Mesero
5,8,25,Cocina
5,8,5,Mesero
5,8,24,Mesero
5,8,18,Cocina
5,8,13,Cocina
5,8,8,Limpieza
5,9,22,Cocina
5,9,5,Cocina
5,9,14,Mesero
5,9,27,Cocina
5,9,10,Cocina
5,9,4,Cocina
5,9,14,Limpieza
5,9,28,Mesero
5,10,3,Mesero
5,10,30,Cocina
5,10,21,Mesero
5,10,15,Mesero
5,10,5,Mesero
5,10,18,Limpieza
5,10,13,Mesero
5,10,17,Cocina
5,11,30,Limpieza
5,11,28,Cocina
5,11,20,Limpieza
5,11,21,Mesero
5,11,18,Mesero
5,11,25,Limpieza
5,11,26,Mesero
5,11,19,Cocina
5,12,29,Mesero
5,12,19,Cocina
5,12,6,Limpieza
5,12,17,Cocina
5,12,14,Cocina
5,12,15,Cocina
5,12,2,Limpieza
5,12,14,Cocina
5,13,15,Cocina
5,13,6,Mesero
5,13,11,Cocina
5,13,23,Cocina
5,13,26,Cocina
5,13,2,Cocina
5,13,15,Limpieza
5,13,16,Limpieza
5,14,22,Limpieza
5,14,29,Mesero
5,14,26,Mesero
5,14,2,Mesero
5,14,17,Cocina
5,14,24,Mesero
5,14,30,Mesero
5,14,8,Limpieza
6,1,4,Limpieza
6,1,17,Cocina
6,1,22,Mesero
6,1,11,Cocina
6,1,16,Mesero
6,1,1,Mesero
6,1,11,Limpieza
6,1,7,Cocina
6,2,20,Cocina
6,2,1,Cocina
6,2,13,Mesero
6,2,25,Mesero
6,2,7,Cocina
6,2,30,Cocina
6,2,28,Mesero
6,2,26,Limpieza
6,3,1,Limpieza
6,3,15,Limpieza
6,3,20,Cocina
6,3,12,Limpieza
6,3,28,Cocina
6,3,21,Cocina
6,3,18,Mesero
6,3,17,Cocina
6,4,22,Limpieza
6,4,29,Mesero
6,4,26,Mesero
6,4,2,Mesero
6,4,17,Cocina
6,4,24,Mesero
6,4,30,Mesero
6,4,8,Limpieza
6,5,4,Cocina
6,5,9,Mesero
6,5,23,Mesero
6,5,28,Cocina
6,5,12,Limpieza
6,5,1,Limpieza
6,5,2,Cocina
6,5,25,Limpieza
6,6,14,Cocina
6,6,29,Mesero
6,6,12,Cocina
6,6,13,Cocina
6,6,1,Cocina
6,6,2,Limpieza
6,6,5,Cocina
6,6,28,Limpieza
6,7,3,Limpieza
6,7,24,Limpieza
6,7,11,Mesero
6,7,18,Cocina
6,7,8,Limpieza
6,7,18,Limpieza
6,7,24,Mesero
6,7,6,Mesero
6,8,4,Cocina
6,8,24,Mesero
6,8,25,Cocina
6,8,5,Mesero
6,8,24,Mesero
6,8,18,Cocina
6,8,13,Cocina
6,8,8,Limpieza
6,9,22,Cocina
6,9,5,Cocina
6,9,14,Mesero
6,9,27,Cocina
6,9,10,Cocina
6,9,4,Cocina
6,9,14,Limpieza
6,9,28,Mesero
6,10,3,Mesero
6,10,30,Cocina
6,10,21,Mesero
6,10,15,Mesero
6,10,5,Mesero
6,10,18,Limpieza
6,10,13,Mesero
6,10,17,Cocina
6,11,30,Limpieza
6,11,28,Cocina
6,11,20,Limpieza
6,11,21,Mesero
6,11,18,Mesero
6,11,25,Limpieza
6,11,26,Mesero
6,11,19,Cocina
6,12,29,Mesero
6,12,19,Cocina
6,12,6,Limpieza
6,12,17,Cocina
6,12,14,Cocina
6,12,15,Cocina
6,12,2,Limpieza
6,12,14,Cocina
6,13,15,Cocina
6,13,6,Mesero
6,13,11,Cocina
6,13,23,Cocina
6,13,26,Cocina
6,13,2,Cocina
6,13,15,Limpieza
6,13,16,Limpieza
6,14,16,Mesero
6,14,11,Limpieza
6,14,20,Mesero
6,14,18,Cocina
6,14,13,Mesero
6,14,23,Limpieza
6,14,7,Cocina
6,14,26,Limpieza
7,1,4,Limpieza
7,1,17,Cocina
7,1,22,Mesero
7,1,11,Cocina
7,1,16,Mesero
7,1,1,Mesero
7,1,11,Limpieza
7,1,7,Cocina
7,2,20,Cocina
7,2,1,Cocina
7,2,13,Mesero
7,2,25,Mesero
7,2,7,Cocina
7,2,30,Cocina
7,2,28,Mesero
7,2,26,Limpieza
7,3,1,Limpieza
7,3,15,Limpieza
7,3,20,Cocina
7,3,12,Limpieza
7,3,28,Cocina
7,3,21,Cocina
7,3,18,Mesero
7,3,17,Cocina
7,4,22,Limpieza
7,4,29,Mesero
7,4,26,Mesero
7,4,2,Mesero
7,4,17,Cocina
7,4,24,Mesero
7,4,30,Mesero
7,4,8,Limpieza
7,5,4,Cocina
7,5,9,Mesero
7,5,23,Mesero
7,5,28,Cocina
7,5,12,Limpieza
7,5,1,Limpieza
7,5,2,Cocina
7,5,25,Limpieza
7,6,14,Cocina
7,6,29,Mesero
7,6,12,Cocina
7,6,13,Cocina
7,6,1,Cocina
7,6,2,Limpieza
7,6,5,Cocina
7,6,28,Limpieza
7,7,3,Limpieza
7,7,24,Limpieza
7,7,11,Mesero
7,7,18,Cocina
7,7,8,Limpieza
7,7,18,Limpieza
7,7,24,Mesero
7,7,6,Mesero
7,8,4,Cocina
7,8,24,Mesero
7,8,25,Cocina
7,8,5,Mesero
7,8,24,Mesero
7,8,18,Cocina
7,8,13,Cocina
7,8,8,Limpieza
7,9,22,Cocina
7,9,5,Cocina
7,9,14,Mesero
7,9,27,Cocina
7,9,10,Cocina
7,9,4,Cocina
7,9,14,Limpieza
7,9,28,Mesero
7,10,3,Mesero
7,10,30,Cocina
7,10,21,Mesero
7,10,15,Mesero
7,10,5,Mesero
7,10,18,Limpieza
7,10,13,Mesero
7,10,17,Cocina
7,11,30,Limpieza
7,11,28,Cocina
7,11,20,Limpieza
7,11,21,Mesero
7,11,18,Mesero
7,11,25,Limpieza
7,11,26,Mesero
7,11,19,Cocina
7,12,29,Mesero
7,12,19,Cocina
7,12,6,Limpieza
7,12,17,Cocina
7,12,14,Cocina
7,12,15,Cocina
7,12,2,Limpieza
7,12,14,Cocina
7,13,15,Cocina
7,13,6,Mesero
7,13,11,Cocina
7,13,23,Cocina
7,13,26,Cocina
7,13,2,Cocina
7,13,15,Limpieza
7,13,16,Limpieza
7,14,16,Mesero
7,14,11,Limpieza
7,14,20,Mesero
7,14,18,Cocina
7,14,13,Mesero
7,14,23,Limpieza
7,14,7,Cocina
7,14,26,Limpieza
8,1,4,Limpieza
8,1,17,Cocina
8,1,22,Mesero
8,1,11,Cocina
8,1,16,Mesero
8,1,1,Mesero
8,1,11,Limpieza
8,1,7,Cocina
8,2,20,Cocina
8,2,1,Cocina
8,2,13,Mesero
8,2,25,Mesero
8,2,7,Cocina
8,2,30,Cocina
8,2,28,Mesero
8,2,26,Limpieza
8,3,1,Limpieza
8,3,15,Limpieza
8,3,20,Cocina
8,3,12,Limpieza
8,3,28,Cocina
8,3,21,Cocina
8,3,18,Mesero
8,3,17,Cocina
8,4,22,Limpieza
8,4,29,Mesero
8,4,26,Mesero
8,4,2,Mesero
8,4,17,Cocina
8,4,24,Mesero
8,4,30,Mesero
8,4,8,Limpieza
8,5,4,Cocina
8,5,9,Mesero
8,5,23,Mesero
8,5,28,Cocina
8,5,12,Limpieza
8,5,1,Limpieza
8,5,2,Cocina
8,5,25,Limpieza
8,6,14,Cocina
8,6,29,Mesero
8,6,12,Cocina
8,6,13,Cocina
8,6,1,Cocina
8,6,2,Limpieza
8,6,5,Cocina
8,6,28,Limpieza
8,7,29,Mesero
8,7,3,Limpieza
8,7,3,Limpieza
8,7,27,Cocina
8,7,21,Mesero
8,7,19,Limpieza
8,7,11,Limpieza
8,7,4,Mesero
8,8,4,Cocina
8,8,24,Mesero
8,8,25,Cocina
8,8,5,Mesero
8,8,24,Mesero
8,8,18,Cocina
8,8,13,Cocina
8,8,8,Limpieza
8,9,22,Cocina
8,9,5,Cocina
8,9,14,Mesero
8,9,27,Cocina
8,9,10,Cocina
8,9,4,Cocina
8,9,14,Limpieza
8,9,28,Mesero
8,10,3,Mesero
8,10,30,Cocina
8,10,21,Mesero
8,10,15,Mesero
8,10,5,Mesero
8,10,18,Limpieza
8,10,13,Mesero
8,10,17,Cocina
8,11,30,Limpieza
8,11,28,Cocina
8,11,20,Limpieza
8,11,21,Mesero
8,11,18,Mesero
8,11,25,Limpieza
8,11,26,Mesero
8,11,19,Cocina
8,12,29,Mesero
8,12,19,Cocina
8,12,6,Limpieza
8,12,17,Cocina
8,12,14,Cocina
8,12,15,Cocina
8,12,2,Limpieza
8,12,14,Cocina
8,13,15,Cocina
8,13,6,Mesero
8,13,11,Cocina
8,13,23,Cocina
8,13,26,Cocina
8,13,2,Cocina
8,13,15,Limpieza
8,13,16,Limpieza
8,14,16,Mesero
8,14,11,Limpieza
8,14,20,Mesero
8,14,18,Cocina
8,14,13,Mesero
8,14,23,Limpieza
8,14,7,Cocina
8,14,26,Limpieza
9,1,4,Limpieza
9,1,17,Cocina
9,1,22,Mesero
9,1,11,Cocina
9,1,16,Mesero
9,1,1,Mesero
9,1,11,Limpieza
9,1,7,Cocina
9,2,20,Cocina
9,2,1,Cocina
9,2,13,Mesero
9,2,25,Mesero
9,2,7,Cocina
9,2,30,Cocina
9,2,28,Mesero
9,2,26,Limpieza
9,3,1,Limpieza
9,3,15,Limpieza
9,3,20,Cocina
9,3,12,Limpieza
9,3,28,Cocina
9,3,21,Cocina
9,3,18,Mesero
9,3,17,Cocina
9,4,22,Limpieza
9,4,29,Mesero
9,4,26,Mesero
9,4,2,Mesero
9,4,17,Cocina
9,4,24,Mesero
9,4,30,Mesero
9,4,8,Limpieza
9,5,4,Cocina
9,5,9,Mesero
9,5,23,Mesero
9,5,28,Cocina
9,5,12,Limpieza
9,5,1,Limpieza
9,5,2,Cocina
9,5,25,Limpieza
9,6,14,Cocina
9,6,29,Mesero
9,6,12,Cocina
9,6,13,Cocina
9,6,1,Cocina
9,6,2,Limpieza
9,6,5,Cocina
9,6,28,Limpieza
9,7,29,Mesero
9,7,3,Limpieza
9,7,3,Limpieza
9,7,27,Cocina
9,7,21,Mesero
9,7,19,Limpieza
9,7,11,Limpieza
9,7,4,Mesero
9,8,4,Cocina
9,8,24,Mesero
9,8,25,Cocina
9,8,5,Mesero
9,8,24,Mesero
9,8,18,Cocina
9,8,13,Cocina
9,8,8,Limpieza
9,9,16,Mesero
9,9,11,Limpieza
9,9,20,Mesero
9,9,18,Cocina
9,9,13,Mesero
9,9,23,Limpieza
9,9,7,Cocina
9,9,26,Limpieza
9,10,3,Mesero
9,10,30,Cocina
9,10,21,Mesero
9,10,15,Mesero
9,10,5,Mesero
9,10,18,Limpieza
9,10,13,Mesero
9,10,17,Cocina
9,11,30,Limpieza
9,11,28,Cocina
9,11,20,Limpieza
9,11,21,Mesero
9,11,18,Mesero
9,11,25,Limpieza
9,11,26,Mesero
9,11,19,Cocina
9,12,29,Mesero
9,12,19,Cocina
9,12,6,Limpieza
9,12,17,Cocina
9,12,14,Cocina
9,12,15,Cocina
9,12,2,Limpieza
9,12,14,Cocina
9,13,15,Cocina
9,13,6,Mesero
9,13,11,Cocina
9,13,23,Cocina
9,13,26,Cocina
9,13,2,Cocina
9,13,15,Limpieza
9,13,16,Limpieza
9,14,22,Cocina
9,14,5,Cocina
9,14,14,Mesero
9,14,27,Cocina
9,14,10,Cocina
9,14,4,Cocina
9,14,14,Limpieza
9,14,28,Mesero
10,1,4,Limpieza
10,1,17,Cocina
10,1,22,Mesero
10,1,11,Cocina
10,1,16,Mesero
10,1,1,Mesero
10,1,11,Limpieza
10,1,7,Cocina
10,2,20,Cocina
10,2,1,Cocina
10,2,13,Mesero
10,2,25,Mesero
10,2,7,Cocina
10,2,30,Cocina
10,2,28,Mesero
10,2,26,Limpieza
10,3,1,Limpieza
10,3,15,Limpieza
10,3,20,Cocina
10,3,12,Limpieza
10,3,28,Cocina
10,3,21,Cocina
10,3,18,Mesero
10,3,17,Cocina
10,4,29,Mesero
10,4,19,Cocina
10,4,6,Limpieza
10,4,17,Cocina
10,4,14,Cocina
10,4,15,Cocina
10,4,2,Limpieza
10,4,14,Cocina
10,5,4,Cocina
10,5,9,Mesero
10,5,23,Mesero
10,5,28,Cocina
10,5,12,Limpieza
10,5,1,Limpieza
10,5,2,Cocina
10,5,25,Limpieza
10,6,14,Cocina
10,6,29,Mesero
10,6,12,Cocina
10,6,13,Cocina
10,6,1,Cocina
10,6,2,Limpieza
10,6,5,Cocina
10,6,28,Limpieza
10,7,29,Mesero
10,7,3,Limpieza
10,7,3,Limpieza
10,7,27,Cocina
10,7,21,Mesero
10,7,19,Limpieza
10,7,11,Limpieza
10,7,4,Mesero
10,8,4,Cocina
10,8,24,Mesero
10,8,25,Cocina
10,8,5,Mesero
10,8,24,Mesero
10,8,18,Cocina
10,8,13,Cocina
10,8,8,Limpieza
10,9,22,Cocina
10,9,5,Cocina
10,9,14,Mesero
10,9,27,Cocina
10,9,10,Cocina
10,9,4,Cocina
10,9,14,Limpieza
10,9,28,Mesero
10,10,3,Mesero
10,10,30,Cocina
10,10,21,Mesero
10,10,15,Mesero
10,10,5,Mesero
10,10,18,Limpieza
10,10,13,Mesero
10,10,17,Cocina
10,11,30,Limpieza
10,11,28,Cocina
10,11,20,Limpieza
10,11,21,Mesero
10,11,18,Mesero
10,11,25,Limpieza
10,11,26,Mesero
10,11,19,Cocina
10,12,22,Limpieza
10,12,29,Mesero
10,12,26,Mesero
10,12,2,Mesero
10,12,17,Cocina
10,12,24,Mesero
10,12,30,Mesero
10,12,8,Limpieza
10,13,15,Cocina
10,13,6,Mesero
10,13,11,Cocina
10,13,23,Cocina
10,13,26,Cocina
10,13,2,Cocina
10,13,15,Limpieza
10,13,16,Limpieza
10,14,16,Mesero
10,14,11,Limpieza
10,14,20,Mesero
10,14,18,Cocina
10,14,13,Mesero
10,14,23,Limpieza
10,14,7,Cocina
10,14,26,Limpieza
11,1,30,Limpieza
11,1,28,Cocina
11,1,20,Limpieza
11,1,21,Mesero
11,1,18,Mesero
11,1,25,Limpieza
11,1,26,Mesero
11,1,19,Cocina
11,2,20,Cocina
11,2,1,Cocina
11,2,13,Mesero
11,2,25,Mesero
11,2,7,Cocina
11,2,30,Cocina
11,2,28,Mesero
11,2,26,Limpieza
11,3,1,Limpieza
11,3,15,Limpieza
11,3,20,Cocina
11,3,12,Limpieza
11,3,28,Cocina
11,3,21,Cocina
11,3,18,Mesero
11,3,17,Cocina
11,4,22,Limpieza
11,4,29,Mesero
11,4,26,Mesero
11,4,2,Mesero
11,4,17,Cocina
11,4,24,Mesero
11,4,30,Mesero
11,4,8,Limpieza
11,5,4,Cocina
11,5,9,Mesero
11,5,23,Mesero
11,5,28,Cocina
11,5,12,Limpieza
11,5,1,Limpieza
11,5,2,Cocina
11,5,25,Limpieza
11,6,14,Cocina
11,6,29,Mesero
11,6,12,Cocina
11,6,13,Cocina
11,6,1,Cocina
11,6,2,Limpieza
11,6,5,Cocina
11,6,28,Limpieza
11,7,29,Mesero
11,7,3,Limpieza
11,7,3,Limpieza
11,7,27,Cocina
11,7,21,Mesero
11,7,19,Limpieza
11,7,11,Limpieza
11,7,4,Mesero
11,8,4,Cocina
11,8,24,Mesero
11,8,25,Cocina
11,8,5,Mesero
11,8,24,Mesero
11,8,18,Cocina
11,8,13,Cocina
11,8,8,Limpieza
11,9,16,Mesero
11,9,11,Limpieza
11,9,20,Mesero
11,9,18,Cocina
11,9,13,Mesero
11,9,23,Limpieza
11,9,7,Cocina
11,9,26,Limpieza
11,10,3,Mesero
11,10,30,Cocina
11,10,21,Mesero
11,10,15,Mesero
11,10,5,Mesero
11,10,18,Limpieza
11,10,13,Mesero
11,10,17,Cocina
11,11,4,Limpieza
11,11,17,Cocina
11,11,22,Mesero
11,11,11,Cocina
11,11,16,Mesero
11,11,1,Mesero
11,11,11,Limpieza
11,11,7,Cocina
11,12,29,Mesero
11,12,19,Cocina
11,12,6,Limpieza
11,12,17,Cocina
11,12,14,Cocina
11,12,15,Cocina
11,12,2,Limpieza
11,12,14,Cocina
11,13,15,Cocina
11,13,6,Mesero
11,13,11,Cocina
11,13,23,Cocina
11,13,26,Cocina
11,13,2,Cocina
11,13,15,Limpieza
11,13,16,Limpieza
11,14,22,Cocina
11,14,5,Cocina
11,14,14,Mesero
11,14,27,Cocina
11,14,10,Cocina
11,14,4,Cocina
11,14,14,Limpieza
11,14,28,Mesero
12,1,4,Limpieza
12,1,17,Cocina
12,1,22,Mesero
12,1,11,Cocina
12,1,16,Mesero
12,1,1,Mesero
12,1,11,Limpieza
12,1,7,Cocina
12,2,20,Cocina
12,2,1,Cocina
12,2,13,Mesero
12,2,25,Mesero
12,2,7,Cocina
12,2,30,Cocina
12,2,28,Mesero
12,2,26,Limpieza
12,3,1,Limpieza
12,3,15,Limpieza
12,3,20,Cocina
12,3,12,Limpieza
12,3,28,Cocina
12,3,21,Cocina
12,3,18,Mesero
12,3,17,Cocina
12,4,22,Limpieza
12,4,29,Mesero
12,4,26,Mesero
12,4,2,Mesero
12,4,17,Cocina
12,4,24,Mesero
12,4,30,Mesero
12,4,8,Limpieza
12,5,4,Cocina
12,5,9,Mesero
12,5,23,Mesero
12,5,28,Cocina
12,5,12,Limpieza
12,5,1,Limpieza
12,5,2,Cocina
12,5,25,Limpieza
12,6,14,Cocina
12,6,29,Mesero
12,6,12,Cocina
12,6,13,Cocina
12,6,1,Cocina
12,6,2,Limpieza
12,6,5,Cocina
12,6,28,Limpieza
12,7,29,Mesero
12,7,3,Limpieza
12,7,3,Limpieza
12,7,27,Cocina
12,7,21,Mesero
12,7,19,Limpieza
12,7,11,Limpieza
12,7,4,Mesero
12,8,15,Cocina
12,8,6,Mesero
12,8,11,Cocina
12,8,23,Cocina
12,8,26,Cocina
12,8,2,Cocina
12,8,15,Limpieza
12,8,16,Limpieza
12,9,22,Cocina
12,9,5,Cocina
12,9,14,Mesero
12,9,27,Cocina
12,9,10,Cocina
12,9,4,Cocina
12,9,14,Limpieza
12,9,28,Mesero
12,10,3,Mesero
12,10,30,Cocina
12,10,21,Mesero
12,10,15,Mesero
12,10,5,Mesero
12,10,18,Limpieza
12,10,13,Mesero
12,10,17,Cocina
12,11,30,Limpieza
12,11,28,Cocina
12,11,20,Limpieza
12,11,21,Mesero
12,11,18,Mesero
12,11,25,Limpieza
12,11,26,Mesero
12,11,19,Cocina
12,12,29,Mesero
12,12,19,Cocina
12,12,6,Limpieza
12,12,17,Cocina
12,12,14,Cocina
12,12,15,Cocina
12,12,2,Limpieza
12,12,14,Cocina
12,13,4,Cocina
12,13,24,Mesero
12,13,25,Cocina
12,13,5,Mesero
12,13,24,Mesero
12,13,18,Cocina
12,13,13,Cocina
12,13,8,Limpieza
12,14,16,Mesero
12,14,11,Limpieza
12,14,20,Mesero
12,14,18,Cocina
12,14,13,Mesero
12,14,23,Limpieza
12,14,7,Cocina
12,14,26,Limpieza
13,1,4,Limpieza
13,1,17,Cocina
13,1,22,Mesero
13,1,11,Cocina
13,1,16,Mesero
13,1,1,Mesero
13,1,11,Limpieza
13,1,7,Cocina
13,2,20,Cocina
13,2,1,Cocina
13,2,13,Mesero
13,2,25,Mesero
13,2,7,Cocina
13,2,30,Cocina
13,2,28,Mesero
13,2,26,Limpieza
13,3,1,Limpieza
13,3,15,Limpieza
13,3,20,Cocina
13,3,12,Limpieza
13,3,28,Cocina
13,3,21,Cocina
13,3,18,Mesero
13,3,17,Cocina
13,4,22,Limpieza
13,4,29,Mesero
13,4,26,Mesero
13,4,2,Mesero
13,4,17,Cocina
13,4,24,Mesero
13,4,30,Mesero
13,4,8,Limpieza
13,5,4,Cocina
13,5,9,Mesero
13,5,23,Mesero
13,5,28,Cocina
13,5,12,Limpieza
13,5,1,Limpieza
13,5,2,Cocina
13,5,25,Limpieza
13,6,14,Cocina
13,6,29,Mesero
13,6,12,Cocina
13,6,13,Cocina
13,6,1,Cocina
13,6,2,Limpieza
13,6,5,Cocina
13,6,28,Limpieza
13,7,29,Mesero
13,7,3,Limpieza
13,7,3,Limpieza
13,7,27,Cocina
13,7,21,Mesero
13,7,19,Limpieza
13,7,11,Limpieza
13,7,4,Mesero
13,8,4,Cocina
13,8,24,Mesero
13,8,25,Cocina
13,8,5,Mesero
13,8,24,Mesero
13,8,18,Cocina
13,8,13,Cocina
13,8,8,Limpieza
13,9,22,Cocina
13,9,5,Cocina
13,9,14,Mesero
13,9,27,Cocina
13,9,10,Cocina
13,9,4,Cocina
13,9,14,Limpieza
13,9,28,Mesero
13,10,3,Mesero
13,10,30,Cocina
13,10,21,Mesero
13,10,15,Mesero
13,10,5,Mesero
13,10,18,Limpieza
13,10,13,Mesero
13,10,17,Cocina
13,11,30,Limpieza
13,11,28,Cocina
13,11,20,Limpieza
13,11,21,Mesero
13,11,18,Mesero
13,11,25,Limpieza
13,11,26,Mesero
13,11,19,Cocina
13,12,29,Mesero
13,12,19,Cocina
13,12,6,Limpieza
13,12,17,Cocina
13,12,14,Cocina
13,12,15,Cocina
13,12,2,Limpieza
13,12,14,Cocina
13,13,15,Cocina
13,13,6,Mesero
13,13,11,Cocina
13,13,23,Cocina
13,13,26,Cocina
13,13,2,Cocina
13,13,15,Limpieza
13,13,16,Limpieza
13,14,16,Mesero
13,14,11,Limpieza
13,14,20,Mesero
13,14,18,Cocina
13,14,13,Mesero
13,14,23,Limpieza
13,14,7,Cocina
13,14,26,Limpieza
14,1,4,Limpieza
14,1,17,Cocina
14,1,22,Mesero
14,1,11,Cocina
14,1,16,Mesero
14,1,1,Mesero
14,1,11,Limpieza
14,1,7,Cocina
14,2,20,Cocina
14,2,1,Cocina
14,2,13,Mesero
14,2,25,Mesero
14,2,7,Cocina
14,2,30,Cocina
14,2,28,Mesero
14,2,26,Limpieza
14,3,1,Limpieza
14,3,15,Limpieza
14,3,20,Cocina
14,3,12,Limpieza
14,3,28,Cocina
14,3,21,Cocina
14,3,18,Mesero
14,3,17,Cocina
14,4,22,Limpieza
14,4,29,Mesero
14,4,26,Mesero
14,4,2,Mesero
14,4,17,Cocina
14,4,24,Mesero
14,4,30,Mesero
14,4,8,Limpieza
14,5,4,Cocina
14,5,9,Mesero
14,5,23,Mesero
14,5,28,Cocina
14,5,12,Limpieza
14,5,1,Limpieza
14,5,2,Cocina
14,5,25,Limpieza
14,6,14,Cocina
14,6,29,Mesero
14,6,12,Cocina
14,6,13,Cocina
14,6,1,Cocina
14,6,2,Limpieza
14,6,5,Cocina
14,6,28,Limpieza
14,7,3,Limpieza
14,7,24,Limpieza
14,7,11,Mesero
14,7,18,Cocina
14,7,8,Limpieza
14,7,18,Limpieza
14,7,24,Mesero
14,7,6,Mesero
14,8,4,Cocina
14,8,24,Mesero
14,8,25,Cocina
14,8,5,Mesero
14,8,24,Mesero
14,8,18,Cocina
14,8,13,Cocina
14,8,8,Limpieza
14,9,22,Cocina
14,9,5,Cocina
14,9,14,Mesero
14,9,27,Cocina
14,9,10,Cocina
14,9,4,Cocina
14,9,14,Limpieza
14,9,28,Mesero
14,10,3,Mesero
14,10,30,Cocina
14,10,21,Mesero
14,10,15,Mesero
14,10,5,Mesero
14,10,18,Limpieza
14,10,13,Mesero
14,10,17,Cocina
14,11,30,Limpieza
14,11,28,Cocina
14,11,20,Limpieza
14,11,21,Mesero
14,11,18,Mesero
14,11,25,Limpieza
14,11,26,Mesero
14,11,19,Cocina
14,12,29,Mesero
14,12,19,Cocina
14,12,6,Limpieza
14,12,17,Cocina
14,12,14,Cocina
14,12,15,Cocina
14,12,2,Limpieza
14,12,14,Cocina
14,13,15,Cocina
14,13,6,Mesero
14,13,11,Cocina
14,13,23,Cocina
14,13,26,Cocina
14,13,2,Cocina
14,13,15,Limpieza
14,13,16,Limpieza
14,14,16,Mesero
14,14,11,Limpieza
14,14,20,Mesero
14,14,18,Cocina
14,14,13,Mesero
14,14,23,Limpieza
14,14,7,Cocina
14,14,26,Limpieza
15,1,4,Limpieza
15,1,17,Cocina
15,1,22,Mesero
15,1,11,Cocina
15,1,16,Mesero
15,1,1,Mesero
15,1,11,Limpieza
15,1,7,Cocina
15,2,20,Cocina
15,2,1,Cocina
15,2,13,Mesero
15,2,25,Mesero
15,2,7,Cocina
15,2,30,Cocina
15,2,28,Mesero
15,2,26,Limpieza
15,3,1,Limpieza
15,3,15,Limpieza
15,3,20,Cocina
15,3,12,Limpieza
15,3,28,Cocina
15,3,21,Cocina
15,3,18,Mesero
15,3,17,Cocina
15,4,22,Limpieza
15,4,29,Mesero
15,4,26,Mesero
15,4,2,Mesero
15,4,17,Cocina
15,4,24,Mesero
15,4,30,Mesero
15,4,8,Limpieza
15,5,4,Cocina
15,5,9,Mesero
15,5,23,Mesero
15,5,28,Cocina
15,5,12,Limpieza
15,5,1,Limpieza
15,5,2,Cocina
15,5,25,Limpieza
15,6,14,Cocina
15,6,29,Mesero
15,6,12,Cocina
15,6,13,Cocina
15,6,1,Cocina
15,6,2,Limpieza
15,6,5,Cocina
15,6,28,Limpieza
15,7,29,Mesero
15,7,3,Limpieza
15,7,3,Limpieza
15,7,27,Cocina
15,7,21,Mesero
15,7,19,Limpieza
15,7,11,Limpieza
15,7,4,Mesero
15,8,4,Cocina
15,8,24,Mesero
15,8,25,Cocina
15,8,5,Mesero
15,8,24,Mesero
15,8,18,Cocina
15,8,13,Cocina
15,8,8,Limpieza
15,9,22,Cocina
15,9,5,Cocina
15,9,14,Mesero
15,9,27,Cocina
15,9,10,Cocina
15,9,4,Cocina
15,9,14,Limpieza
15,9,28,Mesero
15,10,3,Mesero
15,10,30,Cocina
15,10,21,Mesero
15,10,15,Mesero
15,10,5,Mesero
15,10,18,Limpieza
15,10,13,Mesero
15,10,17,Cocina
15,11,30,Limpieza
15,11,28,Cocina
15,11,20,Limpieza
15,11,21,Mesero
15,11,18,Mesero
15,11,25,Limpieza
15,11,26,Mesero
15,11,19,Cocina
15,12,29,Mesero
15,12,19,Cocina
15,12,6,Limpieza
15,12,17,Cocina
15,12,14,Cocina
15,12,15,Cocina
15,12,2,Limpieza
15,12,14,Cocina
15,13,15,Cocina
15,13,6,Mesero
15,13,11,Cocina
15,13,23,Cocina
15,13,26,Cocina
15,13,2,Cocina
15,13,15,Limpieza
15,13,16,Limpieza
15,14,16,Mesero
15,14,11,Limpieza
15,14,20,Mesero
15,14,18,Cocina
15,14,13,Mesero
15,14,23,Limpieza
15,14,7,Cocina
15,14,26,Limpieza
16,1,4,Limpieza
16,1,17,Cocina
16,1,22,Mesero
16,1,11,Cocina
16,1,16,Mesero
16,1,1,Mesero
16,1,11,Limpieza
16,1,7,Cocina
16,2,20,Cocina
16,2,1,Cocina
16,2,13,Mesero
16,2,25,Mesero
16,2,7,Cocina
16,2,30,Cocina
16,2,28,Mesero
16,2,26,Limpieza
16,3,1,Limpieza
16,3,15,Limpieza
16,3,20,Cocina
16,3,12,Limpieza
16,3,28,Cocina
16,3,21,Cocina
16,3,18,Mesero
16,3,17,Cocina
16,4,29,Mesero
16,4,19,Cocina
16,4,6,Limpieza
16,4,17,Cocina
16,4,14,Cocina
16,4,15,Cocina
16,4,2,Limpieza
16,4,14,Cocina
16,5,4,Cocina
16,5,9,Mesero
16,5,23,Mesero
16,5,28,Cocina
16,5,12,Limpieza
16,5,1,Limpieza
16,5,2,Cocina
16,5,25,Limpieza
16,6,14,Cocina
16,6,29,Mesero
16,6,12,Cocina
16,6,13,Cocina
16,6,1,Cocina
16,6,2,Limpieza
16,6,5,Cocina
16,6,28,Limpieza
16,7,29,Mesero
16,7,3,Limpieza
16,7,3,Limpieza
16,7,27,Cocina
16,7,21,Mesero
16,7,19,Limpieza
16,7,11,Limpieza
16,7,4,Mesero
16,8,4,Cocina
16,8,24,Mesero
16,8,25,Cocina
16,8,5,Mesero
16,8,24,Mesero
16,8,18,Cocina
16,8,13,Cocina
16,8,8,Limpieza
16,9,22,Cocina
16,9,5,Cocina
16,9,14,Mesero
16,9,27,Cocina
16,9,10,Cocina
16,9,4,Cocina
16,9,14,Limpieza
16,9,28,Mesero
16,10,3,Mesero
16,10,30,Cocina
16,10,21,Mesero
16,10,15,Mesero
16,10,5,Mesero
16,10,18,Limpieza
16,10,13,Mesero
16,10,17,Cocina
16,11,30,Limpieza
16,11,28,Cocina
16,11,20,Limpieza
16,11,21,Mesero
16,11,18,Mesero
16,11,25,Limpieza
16,11,26,Mesero
16,11,19,Cocina
16,12,22,Limpieza
16,12,29,Mesero
16,12,26,Mesero
16,12,2,Mesero
16,12,17,Cocina
16,12,24,Mesero
16,12,30,Mesero
16,12,8,Limpieza
16,13,15,Cocina
16,13,6,Mesero
16,13,11,Cocina
16,13,23,Cocina
16,13,26,Cocina
16,13,2,Cocina
16,13,15,Limpieza
16,13,16,Limpieza
16,14,16,Mesero
16,14,11,Limpieza
16,14,20,Mesero
16,14,18,Cocina
16,14,13,Mesero
16,14,23,Limpieza
16,14,7,Cocina
16,14,26,Limpieza
17,1,4,Limpieza
17,1,17,Cocina
17,1,22,Mesero
17,1,11,Cocina
17,1,16,Mesero
17,1,1,Mesero
17,1,11,Limpieza
17,1,7,Cocina
17,2,20,Cocina
17,2,1,Cocina
17,2,13,Mesero
17,2,25,Mesero
17,2,7,Cocina
17,2,30,Cocina
17,2,28,Mesero
17,2,26,Limpieza
17,3,15,Cocina
17,3,6,Mesero
17,3,11,Cocina
17,3,23,Cocina
17,3,26,Cocina
17,3,2,Cocina
17,3,15,Limpieza
17,3,16,Limpieza
17,4,22,Limpieza
17,4,29,Mesero
17,4,26,Mesero
17,4,2,Mesero
17,4,17,Cocina
17,4,24,Mesero
17,4,30,Mesero
17,4,8,Limpieza
17,5,4,Cocina
17,5,9,Mesero
17,5,23,Mesero
17,5,28,Cocina
17,5,12,Limpieza
17,5,1,Limpieza
17,5,2,Cocina
17,5,25,Limpieza
17,6,14,Cocina
17,6,29,Mesero
17,6,12,Cocina
17,6,13,Cocina
17,6,1,Cocina
17,6,2,Limpieza
17,6,5,Cocina
17,6,28,Limpieza
17,7,3,Limpieza
17,7,24,Limpieza
17,7,11,Mesero
17,7,18,Cocina
17,7,8,Limpieza
17,7,18,Limpieza
17,7,24,Mesero
17,7,6,Mesero
17,8,4,Cocina
17,8,24,Mesero
17,8,25,Cocina
17,8,5,Mesero
17,8,24,Mesero
17,8,18,Cocina
17,8,13,Cocina
17,8,8,Limpieza
17,9,22,Cocina
17,9,5,Cocina
17,9,14,Mesero
17,9,27,Cocina
17,9,10,Cocina
17,9,4,Cocina
17,9,14,Limpieza
17,9,28,Mesero
17,10,3,Mesero
17,10,30,Cocina
17,10,21,Mesero
17,10,15,Mesero
17,10,5,Mesero
17,10,18,Limpieza
17,10,13,Mesero
17,10,17,Cocina
17,11,30,Limpieza
17,11,28,Cocina
17,11,20,Limpieza
17,11,21,Mesero
17,11,18,Mesero
17,11,25,Limpieza
17,11,26,Mesero
17,11,19,Cocina
17,12,29,Mesero
17,12,19,Cocina
17,12,6,Limpieza
17,12,17,Cocina
17,12,14,Cocina
17,12,15,Cocina
17,12,2,Limpieza
17,12,14,Cocina
17,13,1,Limpieza
17,13,15,Limpieza
17,13,20,Cocina
17,13,12,Limpieza
17,13,28,Cocina
17,13,21,Cocina
17,13,18,Mesero
17,13,17,Cocina
17,14,16,Mesero
17,14,11,Limpieza
17,14,20,Mesero
17,14,18,Cocina
17,14,13,Mesero
17,14,23,Limpieza
17,14,7,Cocina
17,14,26,Limpieza
18,1,4,Limpieza
18,1,17,Cocina
18,1,22,Mesero
18,1,11,Cocina
18,1,16,Mesero
18,1,1,Mesero
18,1,11,Limpieza
18,1,7,Cocina
18,2,20,Cocina
18,2,1,Cocina
18,2,13,Mesero
18,2,25,Mesero
18,2,7,Cocina
18,2,30,Cocina
18,2,28,Mesero
18,2,26,Limpieza
18,3,1,Limpieza
18,3,15,Limpieza
18,3,20,Cocina
18,3,12,Limpieza
18,3,28,Cocina
18,3,21,Cocina
18,3,18,Mesero
18,3,17,Cocina
18,4,22,Limpieza
18,4,29,Mesero
18,4,26,Mesero
18,4,2,Mesero
18,4,17,Cocina
18,4,24,Mesero
18,4,30,Mesero
18,4,8,Limpieza
18,5,4,Cocina
18,5,9,Mesero
18,5,23,Mesero
18,5,28,Cocina
18,5,12,Limpieza
18,5,1,Limpieza
18,5,2,Cocina
18,5,25,Limpieza
18,6,14,Cocina
18,6,29,Mesero
18,6,12,Cocina
18,6,13,Cocina
18,6,1,Cocina
18,6,2,Limpieza
18,6,5,Cocina
18,6,28,Limpieza
18,7,29,Mesero
18,7,19,Cocina
18,7,6,Limpieza
18,7,17,Cocina
18,7,14,Cocina
18,7,15,Cocina
18,7,2,Limpieza
18,7,14,Cocina
18,8,4,Cocina
18,8,24,Mesero
18,8,25,Cocina
18,8,5,Mesero
18,8,24,Mesero
18,8,18,Cocina
18,8,13,Cocina
18,8,8,Limpieza
18,9,22,Cocina
18,9,5,Cocina
18,9,14,Mesero
18,9,27,Cocina
18,9,10,Cocina
18,9,4,Cocina
18,9,14,Limpieza
18,9,28,Mesero
18,10,3,Mesero
18,10,30,Cocina
18,10,21,Mesero
18,10,15,Mesero
18,10,5,Mesero
18,10,18,Limpieza
18,10,13,Mesero
18,10,17,Cocina
18,11,30,Limpieza
18,11,28,Cocina
18,11,20,Limpieza
18,11,21,Mesero
18,11,18,Mesero
18,11,25,Limpieza
18,11,26,Mesero
18,11,19,Cocina
18,12,29,Mesero
18,12,3,Limpieza
18,12,3,Limpieza
18,12,27,Cocina
18,12,21,Mesero
18,12,19,Limpieza
18,12,11,Limpieza
18,12,4,Mesero
18,13,15,Cocina
18,13,6,Mesero
18,13,11,Cocina
18,13,23,Cocina
18,13,26,Cocina
18,13,2,Cocina
18,13,15,Limpieza
18,13,16,Limpieza
18,14,16,Mesero
18,14,11,Limpieza
18,14,20,Mesero
18,14,18,Cocina
18,14,13,Mesero
18,14,23,Limpieza
18,14,7,Cocina
18,14,26,Limpieza
19,1,4,Limpieza
19,1,17,Cocina
19,1,22,Mesero
19,1,11,Cocina
19,1,16,Mesero
19,1,1,Mesero
19,1,11,Limpieza
19,1,7,Cocina
19,2,20,Cocina
19,2,1,Cocina
19,2,13,Mesero
19,2,25,Mesero
19,2,7,Cocina
19,2,30,Cocina
19,2,28,Mesero
19,2,26,Limpieza
19,3,1,Limpieza
19,3,15,Limpieza
19,3,20,Cocina
19,3,12,Limpieza
19,3,28,Cocina
19,3,21,Cocina
19,3,18,Mesero
19,3,17,Cocina
19,4,22,Limpieza
19,4,29,Mesero
19,4,26,Mesero
19,4,2,Mesero
19,4,17,Cocina
19,4,24,Mesero
19,4,30,Mesero
19,4,8,Limpieza
19,5,4,Cocina
19,5,9,Mesero
19,5,23,Mesero
19,5,28,Cocina
19,5,12,Limpieza
19,5,1,Limpieza
19,5,2,Cocina
19,5,25,Limpieza
19,6,14,Cocina
19,6,29,Mesero
19,6,12,Cocina
19,6,13,Cocina
19,6,1,Cocina
19,6,2,Limpieza
19,6,5,Cocina
19,6,28,Limpieza
19,7,3,Limpieza
19,7,24,Limpieza
19,7,11,Mesero
19,7,18,Cocina
19,7,8,Limpieza
19,7,18,Limpieza
19,7,24,Mesero
19,7,6,Mesero
19,8,4,Cocina
19,8,24,Mesero
19,8,25,Cocina
19,8,5,Mesero
19,8,24,Mesero
19,8,18,Cocina
19,8,13,Cocina
19,8,8,Limpieza
19,9,22,Cocina
19,9,5,Cocina
19,9,14,Mesero
19,9,27,Cocina
19,9,10,Cocina
19,9,4,Cocina
19,9,14,Limpieza
19,9,28,Mesero
19,10,3,Mesero
19,10,30,Cocina
19,10,21,Mesero
19,10,15,Mesero
19,10,5,Mesero
19,10,18,Limpieza
19,10,13,Mesero
19,10,17,Cocina
19,11,30,Limpieza
19,11,28,Cocina
19,11,20,Limpieza
19,11,21,Mesero
19,11,18,Mesero
19,11,25,Limpieza
19,11,26,Mesero
19,11,19,Cocina
19,12,29,Mesero
19,12,19,Cocina
19,12,6,Limpieza
19,12,17,Cocina
19,12,14,Cocina
19,12,15,Cocina
19,12,2,Limpieza
19,12,14,Cocina
19,13,15,Cocina
19,13,6,Mesero
19,13,11,Cocina
19,13,23,Cocina
19,13,26,Cocina
19,13,2,Cocina
19,13,15,Limpieza
19,13,16,Limpieza
19,14,16,Mesero
19,14,11,Limpieza
19,14,20,Mesero
19,14,18,Cocina
19,14,13,Mesero
19,14,23,Limpieza
19,14,7,Cocina
19,14,26,Limpieza
20,1,4,Limpieza
20,1,17,Cocina
20,1,22,Mesero
20,1,11,Cocina
20,1,16,Mesero
20,1,1,Mesero
20,1,11,Limpieza
20,1,7,Cocina
20,2,20,Cocina
20,2,1,Cocina
20,2,13,Mesero
20,2,25,Mesero
20,2,7,Cocina
20,2,30,Cocina
20,2,28,Mesero
20,2,26,Limpieza
20,3,1,Limpieza
20,3,15,Limpieza
20,3,20,Cocina
20,3,12,Limpieza
20,3,28,Cocina
20,3,21,Cocina
20,3,18,Mesero
20,3,17,Cocina
20,4,29,Mesero
20,4,19,Cocina
20,4,6,Limpieza
20,4,17,Cocina
20,4,14,Cocina
20,4,15,Cocina
20,4,2,Limpieza
20,4,14,Cocina
20,5,4,Cocina
20,5,9,Mesero
20,5,23,Mesero
20,5,28,Cocina
20,5,12,Limpieza
20,5,1,Limpieza
20,5,2,Cocina
20,5,25,Limpieza
20,6,14,Cocina
20,6,29,Mesero
20,6,12,Cocina
20,6,13,Cocina
20,6,1,Cocina
20,6,2,Limpieza
20,6,5,Cocina
20,6,28,Limpieza
20,7,29,Mesero
20,7,3,Limpieza
20,7,3,Limpieza
20,7,27,Cocina
20,7,21,Mesero
20,7,19,Limpieza
20,7,11,Limpieza
20,7,4,Mesero
20,8,4,Cocina
20,8,24,Mesero
20,8,25,Cocina
20,8,5,Mesero
20,8,24,Mesero
20,8,18,Cocina
20,8,13,Cocina
20,8,8,Limpieza
20,9,16,Mesero
20,9,11,Limpieza
20,9,20,Mesero
20,9,18,Cocina
20,9,13,Mesero
20,9,23,Limpieza
20,9,7,Cocina
20,9,26,Limpieza
20,10,3,Mesero
20,10,30,Cocina
20,10,21,Mesero
20,10,15,Mesero
20,10,5,Mesero
20,10,18,Limpieza
20,10,13,Mesero
20,10,17,Cocina
20,11,30,Limpieza
20,11,28,Cocina
20,11,20,Limpieza
20,11,21,Mesero
20,11,18,Mesero
20,11,25,Limpieza
20,11,26,Mesero
20,11,19,Cocina
20,12,22,Limpieza
20,12,29,Mesero
20,12,26,Mesero
20,12,2,Mesero
20,12,17,Cocina
20,12,24,Mesero
20,12,30,Mesero
20,12,8,Limpieza
20,13,15,Cocina
20,13,6,Mesero
20,13,11,Cocina
20,13,23,Cocina
20,13,26,Cocina
20,13,2,Cocina
20,13,15,Limpieza
20,13,16,Limpieza
20,14,22,Cocina
20,14,5,Cocina
20,14,14,Mesero
20,14,27,Cocina
20,14,10,Cocina
20,14,4,Cocina
20,14,14,Limpieza
20,14,28,Mesero
21,1,4,Limpieza
21,1,17,Cocina
21,1,22,Mesero
21,1,11,Cocina
21,1,16,Mesero
21,1,1,Mesero
21,1,11,Limpieza
21,1,7,Cocina
21,2,20,Cocina
21,2,1,Cocina
21,2,13,Mesero
21,2,25,Mesero
21,2,7,Cocina
21,2,30,Cocina
21,2,28,Mesero
21,2,26,Limpieza
21,3,1,Limpieza
21,3,15,Limpieza
21,3,20,Cocina
21,3,12,Limpieza
21,3,28,Cocina
21,3,21,Cocina
21,3,18,Mesero
21,3,17,Cocina
21,4,16,Mesero
21,4,11,Limpieza
21,4,20,Mesero
21,4,18,Cocina
21,4,13,Mesero
21,4,23,Limpieza
21,4,7,Cocina
21,4,26,Limpieza
21,5,4,Cocina
21,5,9,Mesero
21,5,23,Mesero
21,5,28,Cocina
21,5,12,Limpieza
21,5,1,Limpieza
21,5,2,Cocina
21,5,25,Limpieza
21,6,14,Cocina
21,6,29,Mesero
21,6,12,Cocina
21,6,13,Cocina
21,6,1,Cocina
21,6,2,Limpieza
21,6,5,Cocina
21,6,28,Limpieza
21,7,29,Mesero
21,7,3,Limpieza
21,7,3,Limpieza
21,7,27,Cocina
21,7,21,Mesero
21,7,19,Limpieza
21,7,11,Limpieza
21,7,4,Mesero
21,8,4,Cocina
21,8,24,Mesero
21,8,25,Cocina
21,8,5,Mesero
21,8,24,Mesero
21,8,18,Cocina
21,8,13,Cocina
21,8,8,Limpieza
21,9,22,Cocina
21,9,5,Cocina
21,9,14,Mesero
21,9,27,Cocina
21,9,10,Cocina
21,9,4,Cocina
21,9,14,Limpieza
21,9,28,Mesero
21,10,3,Mesero
21,10,30,Cocina
21,10,21,Mesero
21,10,15,Mesero
21,10,5,Mesero
21,10,18,Limpieza
21,10,13,Mesero
21,10,17,Cocina
21,11,30,Limpieza
21,11,28,Cocina
21,11,20,Limpieza
21,11,21,Mesero
21,11,18,Mesero
21,11,25,Limpieza
21,11,26,Mesero
21,11,19,Cocina
21,12,29,Mesero
21,12,19,Cocina
21,12,6,Limpieza
21,12,17,Cocina
21,12,14,Cocina
21,12,15,Cocina
21,12,2,Limpieza
21,12,14,Cocina
21,13,15,Cocina
21,13,6,Mesero
21,13,11,Cocina
21,13,23,Cocina
21,13,26,Cocina
21,13,2,Cocina
21,13,15,Limpieza
21,13,16,Limpieza
21,14,22,Limpieza
21,14,29,Mesero
21,14,26,Mesero
21,14,2,Mesero
21,14,17,Cocina
21,14,24,Mesero
21,14,30,Mesero
21,14,8,Limpieza
22,1,4,Limpieza
22,1,17,Cocina
22,1,22,Mesero
22,1,11,Cocina
22,1,16,Mesero
22,1,1,Mesero
22,1,11,Limpieza
22,1,7,Cocina
22,2,20,Cocina
22,2,1,Cocina
22,2,13,Mesero
22,2,25,Mesero
22,2,7,Cocina
22,2,30,Cocina
22,2,28,Mesero
22,2,26,Limpieza
22,3,1,Limpieza
22,3,15,Limpieza
22,3,20,Cocina
22,3,12,Limpieza
22,3,28,Cocina
22,3,21,Cocina
22,3,18,Mesero
22,3,17,Cocina
22,4,22,Limpieza
22,4,29,Mesero
22,4,26,Mesero
22,4,2,Mesero
22,4,17,Cocina
22,4,24,Mesero
22,4,30,Mesero
22,4,8,Limpieza
22,5,4,Cocina
22,5,9,Mesero
22,5,23,Mesero
22,5,28,Cocina
22,5,12,Limpieza
22,5,1,Limpieza
22,5,2,Cocina
22,5,25,Limpieza
22,6,14,Cocina
22,6,29,Mesero
22,6,12,Cocina
22,6,13,Cocina
22,6,1,Cocina
22,6,2,Limpieza
22,6,5,Cocina
22,6,28,Limpieza
22,7,29,Mesero
22,7,3,Limpieza
22,7,3,Limpieza
22,7,27,Cocina
22,7,21,Mesero
22,7,19,Limpieza
22,7,11,Limpieza
22,7,4,Mesero
22,8,4,Cocina
22,8,24,Mesero
22,8,25,Cocina
22,8,5,Mesero
22,8,24,Mesero
22,8,18,Cocina
22,8,13,Cocina
22,8,8,Limpieza
22,9,22,Cocina
22,9,5,Cocina
22,9,14,Mesero
22,9,27,Cocina
22,9,10,Cocina
22,9,4,Cocina
22,9,14,Limpieza
22,9,28,Mesero
22,10,3,Mesero
22,10,30,Cocina
22,10,21,Mesero
22,10,15,Mesero
22,10,5,Mesero
22,10,18,Limpieza
22,10,13,Mesero
22,10,17,Cocina
22,11,30,Limpieza
22,11,28,Cocina
22,11,20,Limpieza
22,11,21,Mesero
22,11,18,Mesero
22,11,25,Limpieza
22,11,26,Mesero
22,11,19,Cocina
22,12,22,Limpieza
22,12,29,Mesero
22,12,26,Mesero
22,12,2,Mesero
22,12,17,Cocina
22,12,24,Mesero
22,12,30,Mesero
22,12,8,Limpieza
22,13,15,Cocina
22,13,6,Mesero
22,13,11,Cocina
22,13,23,Cocina
22,13,26,Cocina
22,13,2,Cocina
22,13,15,Limpieza
22,13,16,Limpieza
22,14,16,Mesero
22,14,11,Limpieza
22,14,20,Mesero
22,14,18,Cocina
22,14,13,Mesero
22,14,23,Limpieza
22,14,7,Cocina
22,14,26,Limpieza
23,1,4,Limpieza
23,1,17,Cocina
23,1,22,Mesero
23,1,11,Cocina
23,1,16,Mesero
23,1,1,Mesero
23,1,11,Limpieza
23,1,7,Cocina
23,2,20,Cocina
23,2,1,Cocina
23,2,13,Mesero
23,2,25,Mesero
23,2,7,Cocina
23,2,30,Cocina
23,2,28,Mesero
23,2,26,Limpieza
23,3,1,Limpieza
23,3,15,Limpieza
23,3,20,Cocina
23,3,12,Limpieza
23,3,28,Cocina
23,3,21,Cocina
23,3,18,Mesero
23,3,17,Cocina
23,4,22,Limpieza
23,4,29,Mesero
23,4,26,Mesero
23,4,2,Mesero
23,4,17,Cocina
23,4,24,Mesero
23,4,30,Mesero
23,4,8,Limpieza
23,5,4,Cocina
23,5,9,Mesero
23,5,23,Mesero
23,5,28,Cocina
23,5,12,Limpieza
23,5,1,Limpieza
23,5,2,Cocina
23,5,25,Limpieza
23,6,14,Cocina
23,6,29,Mesero
23,6,12,Cocina
23,6,13,Cocina
23,6,1,Cocina
23,6,2,Limpieza
23,6,5,Cocina
23,6,28,Limpieza
23,7,3,Limpieza
23,7,24,Limpieza
23,7,11,Mesero
23,7,18,Cocina
23,7,8,Limpieza
23,7,18,Limpieza
23,7,24,Mesero
23,7,6,Mesero
23,8,4,Cocina
23,8,24,Mesero
23,8,25,Cocina
23,8,5,Mesero
23,8,24,Mesero
23,8,18,Cocina
23,8,13,Cocina
23,8,8,Limpieza
23,9,22,Cocina
23,9,5,Cocina
23,9,14,Mesero
23,9,27,Cocina
23,9,10,Cocina
23,9,4,Cocina
23,9,14,Limpieza
23,9,28,Mesero
23,10,3,Mesero
23,10,30,Cocina
23,10,21,Mesero
23,10,15,Mesero
23,10,5,Mesero
23,10,18,Limpieza
23,10,13,Mesero
23,10,17,Cocina
23,11,30,Limpieza
23,11,28,Cocina
23,11,20,Limpieza
23,11,21,Mesero
23,11,18,Mesero
23,11,25,Limpieza
23,11,26,Mesero
23,11,19,Cocina
23,12,29,Mesero
23,12,19,Cocina
23,12,6,Limpieza
23,12,17,Cocina
23,12,14,Cocina
23,12,15,Cocina
23,12,2,Limpieza
23,12,14,Cocina
23,13,15,Cocina
23,13,6,Mesero
23,13,11,Cocina
23,13,23,Cocina
23,13,26,Cocina
23,13,2,Cocina
23,13,15,Limpieza
23,13,16,Limpieza
23,14,16,Mesero
23,14,11,Limpieza
23,14,20,Mesero
23,14,18,Cocina
23,14,13,Mesero
23,14,23,Limpieza
23,14,7,Cocina
23,14,26,Limpieza
24,1,4,Limpieza
24,1,17,Cocina
24,1,22,Mesero
24,1,11,Cocina
24,1,16,Mesero
24,1,1,Mesero
24,1,11,Limpieza
24,1,7,Cocina
24,2,20,Cocina
24,2,1,Cocina
24,2,13,Mesero
24,2,25,Mesero
24,2,7,Cocina
24,2,30,Cocina
24,2,28,Mesero
24,2,26,Limpieza
24,3,1,Limpieza
24,3,15,Limpieza
24,3,20,Cocina
24,3,12,Limpieza
24,3,28,Cocina
24,3,21,Cocina
24,3,18,Mesero
24,3,17,Cocina
24,4,22,Limpieza
24,4,29,Mesero
24,4,26,Mesero
24,4,2,Mesero
24,4,17,Cocina
24,4,24,Mesero
24,4,30,Mesero
24,4,8,Limpieza
24,5,4,Cocina
24,5,9,Mesero
24,5,23,Mesero
24,5,28,Cocina
24,5,12,Limpieza
24,5,1,Limpieza
24,5,2,Cocina
24,5,25,Limpieza
24,6,14,Cocina
24,6,29,Mesero
24,6,12,Cocina
24,6,13,Cocina
24,6,1,Cocina
24,6,2,Limpieza
24,6,5,Cocina
24,6,28,Limpieza
24,7,29,Mesero
24,7,3,Limpieza
24,7,3,Limpieza
24,7,27,Cocina
24,7,21,Mesero
24,7,19,Limpieza
24,7,11,Limpieza
24,7,4,Mesero
24,8,4,Cocina
24,8,24,Mesero
24,8,25,Cocina
24,8,5,Mesero
24,8,24,Mesero
24,8,18,Cocina
24,8,13,Cocina
24,8,8,Limpieza
24,9,22,Cocina
24,9,5,Cocina
24,9,14,Mesero
24,9,27,Cocina
24,9,10,Cocina
24,9,4,Cocina
24,9,14,Limpieza
24,9,28,Mesero
24,10,3,Mesero
24,10,30,Cocina
24,10,21,Mesero
24,10,15,Mesero
24,10,5,Mesero
24,10,18,Limpieza
24,10,13,Mesero
24,10,17,Cocina
24,11,30,Limpieza
24,11,28,Cocina
24,11,20,Limpieza
24,11,21,Mesero
24,11,18,Mesero
24,11,25,Limpieza
24,11,26,Mesero
24,11,19,Cocina
24,12,29,Mesero
24,12,19,Cocina
24,12,6,Limpieza
24,12,17,Cocina
24,12,14,Cocina
24,12,15,Cocina
24,12,2,Limpieza
24,12,14,Cocina
24,13,15,Cocina
24,13,6,Mesero
24,13,11,Cocina
24,13,23,Cocina
24,13,26,Cocina
24,13,2,Cocina
24,13,15,Limpieza
24,13,16,Limpieza
24,14,16,Mesero
24,14,11,Limpieza
24,14,20,Mesero
24,14,18,Cocina
24,14,13,Mesero
24,14,23,Limpieza
24,14,7,Cocina
24,14,26,Limpieza
25,1,4,Limpieza
25,1,17,Cocina
25,1,22,Mesero
25,1,11,Cocina
25,1,16,Mesero
25,1,1,Mesero
25,1,11,Limpieza
25,1,7,Cocina
25,2,20,Cocina
25,2,1,Cocina
25,2,13,Mesero
25,2,25,Mesero
25,2,7,Cocina
25,2,30,Cocina
25,2,28,Mesero
25,2,26,Limpieza
25,3,1,Limpieza
25,3,15,Limpieza
25,3,20,Cocina
25,3,12,Limpieza
25,3,28,Cocina
25,3,21,Cocina
25,3,18,Mesero
25,3,17,Cocina
25,4,22,Limpieza
25,4,29,Mesero
25,4,26,Mesero
25,4,2,Mesero
25,4,17,Cocina
25,4,24,Mesero
25,4,30,Mesero
25,4,8,Limpieza
25,5,4,Cocina
25,5,9,Mesero
25,5,23,Mesero
25,5,28,Cocina
25,5,12,Limpieza
25,5,1,Limpieza
25,5,2,Cocina
25,5,25,Limpieza
25,6,14,Cocina
25,6,29,Mesero
25,6,12,Cocina
25,6,13,Cocina
25,6,1,Cocina
25,6,2,Limpieza
25,6,5,Cocina
25,6,28,Limpieza
25,7,3,Limpieza
25,7,24,Limpieza
25,7,11,Mesero
25,7,18,Cocina
25,7,8,Limpieza
25,7,18,Limpieza
25,7,24,Mesero
25,7,6,Mesero
25,8,4,Cocina
25,8,24,Mesero
25,8,25,Cocina
25,8,5,Mesero
25,8,24,Mesero
25,8,18,Cocina
25,8,13,Cocina
25,8,8,Limpieza
25,9,22,Cocina
25,9,5,Cocina
25,9,14,Mesero
25,9,27,Cocina
25,9,10,Cocina
25,9,4,Cocina
25,9,14,Limpieza
25,9,28,Mesero
25,10,3,Mesero
25,10,30,Cocina
25,10,21,Mesero
25,10,15,Mesero
25,10,5,Mesero
25,10,18,Limpieza
25,10,13,Mesero
25,10,17,Cocina
25,11,30,Limpieza
25,11,28,Cocina
25,11,20,Limpieza
25,11,21,Mesero
25,11,18,Mesero
25,11,25,Limpieza
25,11,26,Mesero
25,11,19,Cocina
25,12,29,Mesero
25,12,19,Cocina
25,12,6,Limpieza
25,12,17,Cocina
25,12,14,Cocina
25,12,15,Cocina
25,12,2,Limpieza
25,12,14,Cocina
25,13,15,Cocina
25,13,6,Mesero
25,13,11,Cocina
25,13,23,Cocina
25,13,26,Cocina
25,13,2,Cocina
25,13,15,Limpieza
25,13,16,Limpieza
25,14,16,Mesero
25,14,11,Limpieza
25,14,20,Mesero
25,14,18,Cocina
25,14,13,Mesero
25,14,23,Limpieza
25,14,7,Cocina
25,14,26,Limpieza
26,1,14,Cocina
26,1,29,Mesero
26,1,12,Cocina
26,1,13,Cocina
26,1,1,Cocina
26,1,2,Limpieza
26,1,5,Cocina
26,1,28,Limpieza
26,2,20,Cocina
26,2,1,Cocina
26,2,13,Mesero
26,2,25,Mesero
26,2,7,Cocina
26,2,30,Cocina
26,2,28,Mesero
26,2,26,Limpieza
26,3,1,Limpieza
26,3,15,Limpieza
26,3,20,Cocina
26,3,12,Limpieza
26,3,28,Cocina
26,3,21,Cocina
26,3,18,Mesero
26,3,17,Cocina
26,4,22,Limpieza
26,4,29,Mesero
26,4,26,Mesero
26,4,2,Mesero
26,4,17,Cocina
26,4,24,Mesero
26,4,30,Mesero
26,4,8,Limpieza
26,5,4,Cocina
26,5,9,Mesero
26,5,23,Mesero
26,5,28,Cocina
26,5,12,Limpieza
26,5,1,Limpieza
26,5,2,Cocina
26,5,25,Limpieza
26,6,4,Limpieza
26,6,17,Cocina
26,6,22,Mesero
26,6,11,Cocina
26,6,16,Mesero
26,6,1,Mesero
26,6,11,Limpieza
26,6,7,Cocina
26,7,3,Limpieza
26,7,24,Limpieza
26,7,11,Mesero
26,7,18,Cocina
26,7,8,Limpieza
26,7,18,Limpieza
26,7,24,Mesero
26,7,6,Mesero
26,8,4,Cocina
26,8,24,Mesero
26,8,25,Cocina
26,8,5,Mesero
26,8,24,Mesero
26,8,18,Cocina
26,8,13,Cocina
26,8,8,Limpieza
26,9,22,Cocina
26,9,5,Cocina
26,9,14,Mesero
26,9,27,Cocina
26,9,10,Cocina
26,9,4,Cocina
26,9,14,Limpieza
26,9,28,Mesero
26,10,3,Mesero
26,10,30,Cocina
26,10,21,Mesero
26,10,15,Mesero
26,10,5,Mesero
26,10,18,Limpieza
26,10,13,Mesero
26,10,17,Cocina
26,11,30,Limpieza
26,11,28,Cocina
26,11,20,Limpieza
26,11,21,Mesero
26,11,18,Mesero
26,11,25,Limpieza
26,11,26,Mesero
26,11,19,Cocina
26,12,29,Mesero
26,12,19,Cocina
26,12,6,Limpieza
26,12,17,Cocina
26,12,14,Cocina
26,12,15,Cocina
26,12,2,Limpieza
26,12,14,Cocina
26,13,15,Cocina
26,13,6,Mesero
26,13,11,Cocina
26,13,23,Cocina
26,13,26,Cocina
26,13,2,Cocina
26,13,15,Limpieza
26,13,16,Limpieza
26,14,16,Mesero
26,14,11,Limpieza
26,14,20,Mesero
26,14,18,Cocina
26,14,13,Mesero
26,14,23,Limpieza
26,14,7,Cocina
26,14,26,Limpieza
27,1,4,Limpieza
27,1,17,Cocina
27,1,22,Mesero
27,1,11,Cocina
27,1,16,Mesero
27,1,1,Mesero
27,1,11,Limpieza
27,1,7,Cocina
27,2,20,Cocina
27,2,1,Cocina
27,2,13,Mesero
27,2,25,Mesero
27,2,7,Cocina
27,2,30,Cocina
27,2,28,Mesero
27,2,26,Limpieza
27,3,1,Limpieza
27,3,15,Limpieza
27,3,20,Cocina
27,3,12,Limpieza
27,3,28,Cocina
27,3,21,Cocina
27,3,18,Mesero
27,3,17,Cocina
27,4,22,Limpieza
27,4,29,Mesero
27,4,26,Mesero
27,4,2,Mesero
27,4,17,Cocina
27,4,24,Mesero
27,4,30,Mesero
27,4,8,Limpieza
27,5,4,Cocina
27,5,9,Mesero
27,5,23,Mesero
27,5,28,Cocina
27,5,12,Limpieza
27,5,1,Limpieza
27,5,2,Cocina
27,5,25,Limpieza
27,6,14,Cocina
27,6,29,Mesero
27,6,12,Cocina
27,6,13,Cocina
27,6,1,Cocina
27,6,2,Limpieza
27,6,5,Cocina
27,6,28,Limpieza
27,7,3,Limpieza
27,7,24,Limpieza
27,7,11,Mesero
27,7,18,Cocina
27,7,8,Limpieza
27,7,18,Limpieza
27,7,24,Mesero
27,7,6,Mesero
27,8,4,Cocina
27,8,24,Mesero
27,8,25,Cocina
27,8,5,Mesero
27,8,24,Mesero
27,8,18,Cocina
27,8,13,Cocina
27,8,8,Limpieza
27,9,22,Cocina
27,9,5,Cocina
27,9,14,Mesero
27,9,27,Cocina
27,9,10,Cocina
27,9,4,Cocina
27,9,14,Limpieza
27,9,28,Mesero
27,10,3,Mesero
27,10,30,Cocina
27,10,21,Mesero
27,10,15,Mesero
27,10,5,Mesero
27,10,18,Limpieza
27,10,13,Mesero
27,10,17,Cocina
27,11,30,Limpieza
27,11,28,Cocina
27,11,20,Limpieza
27,11,21,Mesero
27,11,18,Mesero
27,11,25,Limpieza
27,11,26,Mesero
27,11,19,Cocina
27,12,29,Mesero
27,12,19,Cocina
27,12,6,Limpieza
27,12,17,Cocina
27,12,14,Cocina
27,12,15,Cocina
27,12,2,Limpieza
27,12,14,Cocina
27,13,15,Cocina
27,13,6,Mesero
27,13,11,Cocina
27,13,23,Cocina
27,13,26,Cocina
27,13,2,Cocina
27,13,15,Limpieza
27,13,16,Limpieza
27,14,16,Mesero
27,14,11,Limpieza
27,14,20,Mesero
27,14,18,Cocina
27,14,13,Mesero
27,14,23,Limpieza
27,14,7,Cocina
27,14,26,Limpieza
28,1,4,Limpieza
28,1,17,Cocina
28,1,22,Mesero
28,1,11,Cocina
28,1,16,Mesero
28,1,1,Mesero
28,1,11,Limpieza
28,1,7,Cocina
28,2,20,Cocina
28,2,1,Cocina
28,2,13,Mesero
28,2,25,Mesero
28,2,7,Cocina
28,2,30,Cocina
28,2,28,Mesero
28,2,26,Limpieza
28,3,1,Limpieza
28,3,15,Limpieza
28,3,20,Cocina
28,3,12,Limpieza
28,3,28,Cocina
28,3,21,Cocina
28,3,18,Mesero
28,3,17,Cocina
28,4,22,Limpieza
28,4,29,Mesero
28,4,26,Mesero
28,4,2,Mesero
28,4,17,Cocina
28,4,24,Mesero
28,4,30,Mesero
28,4,8,Limpieza
28,5,4,Cocina
28,5,9,Mesero
28,5,23,Mesero
28,5,28,Cocina
28,5,12,Limpieza
28,5,1,Limpieza
28,5,2,Cocina
28,5,25,Limpieza
28,6,14,Cocina
28,6,29,Mesero
28,6,12,Cocina
28,6,13,Cocina
28,6,1,Cocina
28,6,2,Limpieza
28,6,5,Cocina
28,6,28,Limpieza
28,7,29,Mesero
28,7,3,Limpieza
28,7,3,Limpieza
28,7,27,Cocina
28,7,21,Mesero
28,7,19,Limpieza
28,7,11,Limpieza
28,7,4,Mesero
28,8,4,Cocina
28,8,24,Mesero
28,8,25,Cocina
28,8,5,Mesero
28,8,24,Mesero
28,8,18,Cocina
28,8,13,Cocina
28,8,8,Limpieza
28,9,22,Cocina
28,9,5,Cocina
28,9,14,Mesero
28,9,27,Cocina
28,9,10,Cocina
28,9,4,Cocina
28,9,14,Limpieza
28,9,28,Mesero
28,10,3,Mesero
28,10,30,Cocina
28,10,21,Mesero
28,10,15,Mesero
28,10,5,Mesero
28,10,18,Limpieza
28,10,13,Mesero
28,10,17,Cocina
28,11,30,Limpieza
28,11,28,Cocina
28,11,20,Limpieza
28,11,21,Mesero
28,11,18,Mesero
28,11,25,Limpieza
28,11,26,Mesero
28,11,19,Cocina
28,12,29,Mesero
28,12,19,Cocina
28,12,6,Limpieza
28,12,17,Cocina
28,12,14,Cocina
28,12,15,Cocina
28,12,2,Limpieza
28,12,14,Cocina
28,13,15,Cocina
28,13,6,Mesero
28,13,11,Cocina
28,13,23,Cocina
28,13,26,Cocina
28,13,2,Cocina
28,13,15,Limpieza
28,13,16,Limpieza
28,14,16,Mesero
28,14,11,Limpieza
28,14,20,Mesero
28,14,18,Cocina
28,14,13,Mesero
28,14,23,Limpieza
28,14,7,Cocina
28,14,26,Limpieza
29,1,4,Limpieza
29,1,17,Cocina
29,1,22,Mesero
29,1,11,Cocina
29,1,16,Mesero
29,1,1,Mesero
29,1,11,Limpieza
29,1,7,Cocina
29,2,20,Cocina
29,2,1,Cocina
29,2,13,Mesero
29,2,25,Mesero
29,2,7,Cocina
29,2,30,Cocina
29,2,28,Mesero
29,2,26,Limpieza
29,3,1,Limpieza
29,3,15,Limpieza
29,3,20,Cocina
29,3,12,Limpieza
29,3,28,Cocina
29,3,21,Cocina
29,3,18,Mesero
29,3,17,Cocina
29,4,22,Limpieza
29,4,29,Mesero
29,4,26,Mesero
29,4,2,Mesero
29,4,17,Cocina
29,4,24,Mesero
29,4,30,Mesero
29,4,8,Limpieza
29,5,4,Cocina
29,5,9,Mesero
29,5,23,Mesero
29,5,28,Cocina
29,5,12,Limpieza
29,5,1,Limpieza
29,5,2,Cocina
29,5,25,Limpieza
29,6,14,Cocina
29,6,29,Mesero
29,6,12,Cocina
29,6,13,Cocina
29,6,1,Cocina
29,6,2,Limpieza
29,6,5,Cocina
29,6,28,Limpieza
29,7,3,Limpieza
29,7,24,Limpieza
29,7,11,Mesero
29,7,18,Cocina
29,7,8,Limpieza
29,7,18,Limpieza
29,7,24,Mesero
29,7,6,Mesero
29,8,4,Cocina
29,8,24,Mesero
29,8,25,Cocina
29,8,5,Mesero
29,8,24,Mesero
29,8,18,Cocina
29,8,13,Cocina
29,8,8,Limpieza
29,9,22,Cocina
29,9,5,Cocina
29,9,14,Mesero
29,9,27,Cocina
29,9,10,Cocina
29,9,4,Cocina
29,9,14,Limpieza
29,9,28,Mesero
29,10,3,Mesero
29,10,30,Cocina
29,10,21,Mesero
29,10,15,Mesero
29,10,5,Mesero
29,10,18,Limpieza
29,10,13,Mesero
29,10,17,Cocina
29,11,30,Limpieza
29,11,28,Cocina
29,11,20,Limpieza
29,11,21,Mesero
29,11,18,Mesero
29,11,25,Limpieza
29,11,26,Mesero
29,11,19,Cocina
29,12,29,Mesero
29,12,19,Cocina
29,12,6,Limpieza
29,12,17,Cocina
29,12,14,Cocina
29,12,15,Cocina
29,12,2,Limpieza
29,12,14,Cocina
29,13,15,Cocina
29,13,6,Mesero
29,13,11,Cocina
29,13,23,Cocina
29,13,26,Cocina
29,13,2,Cocina
29,13,15,Limpieza
29,13,16,Limpieza
29,14,16,Mesero
29,14,11,Limpieza
29,14,20,Mesero
29,14,18,Cocina
29,14,13,Mesero
29,14,23,Limpieza
29,14,7,Cocina
29,14,26,Limpieza
30,1,4,Limpieza
30,1,17,Cocina
30,1,22,Mesero
30,1,11,Cocina
30,1,16,Mesero
30,1,1,Mesero
30,1,11,Limpieza
30,1,7,Cocina
30,2,20,Cocina
30,2,1,Cocina
30,2,13,Mesero
30,2,25,Mesero
30,2,7,Cocina
30,2,30,Cocina
30,2,28,Mesero
30,2,26,Limpieza
30,3,1,Limpieza
30,3,15,Limpieza
30,3,20,Cocina
30,3,12,Limpieza
30,3,28,Cocina
30,3,21,Cocina
30,3,18,Mesero
30,3,17,Cocina
30,4,22,Limpieza
30,4,29,Mesero
30,4,26,Mesero
30,4,2,Mesero
30,4,17,Cocina
30,4,24,Mesero
30,4,30,Mesero
30,4,8,Limpieza
30,5,4,Cocina
30,5,9,Mesero
30,5,23,Mesero
30,5,28,Cocina
30,5,12,Limpieza
30,5,1,Limpieza
30,5,2,Cocina
30,5,25,Limpieza
30,6,14,Cocina
30,6,29,Mesero
30,6,12,Cocina
30,6,13,Cocina
30,6,1,Cocina
30,6,2,Limpieza
30,6,5,Cocina
30,6,28,Limpieza
30,7,3,Limpieza
30,7,24,Limpieza
30,7,11,Mesero
30,7,18,Cocina
30,7,8,Limpieza
30,7,18,Limpieza
30,7,24,Mesero
30,7,6,Mesero
30,8,4,Cocina
30,8,24,Mesero
30,8,25,Cocina
30,8,5,Mesero
30,8,24,Mesero
30,8,18,Cocina
30,8,13,Cocina
30,8,8,Limpieza
30,9,22,Cocina
30,9,5,Cocina
30,9,14,Mesero
30,9,27,Cocina
30,9,10,Cocina
30,9,4,Cocina
30,9,14,Limpieza
30,9,28,Mesero
30,10,3,Mesero
30,10,30,Cocina
30,10,21,Mesero
30,10,15,Mesero
30,10,5,Mesero
30,10,18,Limpieza
30,10,13,Mesero
30,10,17,Cocina
30,11,30,Limpieza
30,11,28,Cocina
30,11,20,Limpieza
30,11,21,Mesero
30,11,18,Mesero
30,11,25,Limpieza
30,11,26,Mesero
30,11,19,Cocina
30,12,29,Mesero
30,12,19,Cocina
30,12,6,Limpieza
30,12,17,Cocina
30,12,14,Cocina
30,12,15,Cocina
30,12,2,Limpieza
30,12,14,Cocina
30,13,15,Cocina
30,13,6,Mesero
30,13,11,Cocina
30,13,23,Cocina
30,13,26,Cocina
30,13,2,Cocina
30,13,15,Limpieza
30,13,16,Limpieza
30,14,16,Mesero
30,14,11,Limpieza
30,14,20,Mesero
30,14,18,Cocina
30,14,13,Mesero
30,14,23,Limpieza
30,14,7,Cocina
30,14,26,Limpieza
31,1,14,Cocina
31,1,29,Mesero
31,1,12,Cocina
31,1,13,Cocina
31,1,1,Cocina
31,1,2,Limpieza
31,1,5,Cocina
31,1,28,Limpieza
31,2,20,Cocina
31,2,1,Cocina
31,2,13,Mesero
31,2,25,Mesero
31,2,7,Cocina
31,2,30,Cocina
31,2,28,Mesero
31,2,26,Limpieza
31,3,1,Limpieza
31,3,15,Limpieza
31,3,20,Cocina
31,3,12,Limpieza
31,3,28,Cocina
31,3,21,Cocina
31,3,18,Mesero
31,3,17,Cocina
31,4,22,Limpieza
31,4,29,Mesero
31,4,26,Mesero
31,4,2,Mesero
31,4,17,Cocina
31,4,24,Mesero
31,4,30,Mesero
31,4,8,Limpieza
31,5,4,Cocina
31,5,9,Mesero
31,5,23,Mesero
31,5,28,Cocina
31,5,12,Limpieza
31,5,1,Limpieza
31,5,2,Cocina
31,5,25,Limpieza
31,6,4,Limpieza
31,6,17,Cocina
31,6,22,Mesero
31,6,11,Cocina
31,6,16,Mesero
31,6,1,Mesero
31,6,11,Limpieza
31,6,7,Cocina
31,7,29,Mesero
31,7,19,Cocina
31,7,6,Limpieza
31,7,17,Cocina
31,7,14,Cocina
31,7,15,Cocina
31,7,2,Limpieza
31,7,14,Cocina
31,8,4,Cocina
31,8,24,Mesero
31,8,25,Cocina
31,8,5,Mesero
31,8,24,Mesero
31,8,18,Cocina
31,8,13,Cocina
31,8,8,Limpieza
31,9,16,Mesero
31,9,11,Limpieza
31,9,20,Mesero
31,9,18,Cocina
31,9,13,Mesero
31,9,23,Limpieza
31,9,7,Cocina
31,9,26,Limpieza
31,10,3,Mesero
31,10,30,Cocina
31,10,21,Mesero
31,10,15,Mesero
31,10,5,Mesero
31,10,18,Limpieza
31,10,13,Mesero
31,10,17,Cocina
31,11,30,Limpieza
31,11,28,Cocina
31,11,20,Limpieza
31,11,21,Mesero
31,11,18,Mesero
31,11,25,Limpieza
31,11,26,Mesero
31,11,19,Cocina
31,12,29,Mesero
31,12,3,Limpieza
31,12,3,Limpieza
31,12,27,Cocina
31,12,21,Mesero
31,12,19,Limpieza
31,12,11,Limpieza
31,12,4,Mesero
31,13,15,Cocina
31,13,6,Mesero
31,13,11,Cocina
31,13,23,Cocina
31,13,26,Cocina
31,13,2,Cocina
31,13,15,Limpieza
31,13,16,Limpieza
31,14,22,Cocina
31,14,5,Cocina
31,14,14,Mesero
31,14,27,Cocina
31,14,10,Cocina
31,14,4,Cocina
31,14,14,Limpieza
31,14,28,Mesero
32,1,4,Limpieza
32,1,17,Cocina
32,1,22,Mesero
32,1,11,Cocina
32,1,16,Mesero
32,1,1,Mesero
32,1,11,Limpieza
32,1,7,Cocina
32,2,20,Cocina
32,2,1,Cocina
32,2,13,Mesero
32,2,25,Mesero
32,2,7,Cocina
32,2,30,Cocina
32,2,28,Mesero
32,2,26,Limpieza
32,3,1,Limpieza
32,3,15,Limpieza
32,3,20,Cocina
32,3,12,Limpieza
32,3,28,Cocina
32,3,21,Cocina
32,3,18,Mesero
32,3,17,Cocina
32,4,22,Limpieza
32,4,29,Mesero
32,4,26,Mesero
32,4,2,Mesero
32,4,17,Cocina
32,4,24,Mesero
32,4,30,Mesero
32,4,8,Limpieza
32,5,4,Cocina
32,5,9,Mesero
32,5,23,Mesero
32,5,28,Cocina
32,5,12,Limpieza
32,5,1,Limpieza
32,5,2,Cocina
32,5,25,Limpieza
32,6,14,Cocina
32,6,29,Mesero
32,6,12,Cocina
32,6,13,Cocina
32,6,1,Cocina
32,6,2,Limpieza
32,6,5,Cocina
32,6,28,Limpieza
32,7,29,Mesero
32,7,3,Limpieza
32,7,3,Limpieza
32,7,27,Cocina
32,7,21,Mesero
32,7,19,Limpieza
32,7,11,Limpieza
32,7,4,Mesero
32,8,4,Cocina
32,8,24,Mesero
32,8,25,Cocina
32,8,5,Mesero
32,8,24,Mesero
32,8,18,Cocina
32,8,13,Cocina
32,8,8,Limpieza
32,9,22,Cocina
32,9,5,Cocina
32,9,14,Mesero
32,9,27,Cocina
32,9,10,Cocina
32,9,4,Cocina
32,9,14,Limpieza
32,9,28,Mesero
32,10,3,Mesero
32,10,30,Cocina
32,10,21,Mesero
32,10,15,Mesero
32,10,5,Mesero
32,10,18,Limpieza
32,10,13,Mesero
32,10,17,Cocina
32,11,30,Limpieza
32,11,28,Cocina
32,11,20,Limpieza
32,11,21,Mesero
32,11,18,Mesero
32,11,25,Limpieza
32,11,26,Mesero
32,11,19,Cocina
32,12,29,Mesero
32,12,19,Cocina
32,12,6,Limpieza
32,12,17,Cocina
32,12,14,Cocina
32,12,15,Cocina
32,12,2,Limpieza
32,12,14,Cocina
32,13,15,Cocina
32,13,6,Mesero
32,13,11,Cocina
32,13,23,Cocina
32,13,26,Cocina
32,13,2,Cocina
32,13,15,Limpieza
32,13,16,Limpieza
32,14,16,Mesero
32,14,11,Limpieza
32,14,20,Mesero
32,14,18,Cocina
32,14,13,Mesero
32,14,23,Limpieza
32,14,7,Cocina
32,14,26,Limpieza
33,1,4,Limpieza
33,1,17,Cocina
33,1,22,Mesero
33,1,11,Cocina
33,1,16,Mesero
33,1,1,Mesero
33,1,11,Limpieza
33,1,7,Cocina
33,2,20,Cocina
33,2,1,Cocina
33,2,13,Mesero
33,2,25,Mesero
33,2,7,Cocina
33,2,30,Cocina
33,2,28,Mesero
33,2,26,Limpieza
33,3,1,Limpieza
33,3,15,Limpieza
33,3,20,Cocina
33,3,12,Limpieza
33,3,28,Cocina
33,3,21,Cocina
33,3,18,Mesero
33,3,17,Cocina
33,4,22,Limpieza
33,4,29,Mesero
33,4,26,Mesero
33,4,2,Mesero
33,4,17,Cocina
33,4,24,Mesero
33,4,30,Mesero
33,4,8,Limpieza
33,5,4,Cocina
33,5,9,Mesero
33,5,23,Mesero
33,5,28,Cocina
33,5,12,Limpieza
33,5,1,Limpieza
33,5,2,Cocina
33,5,25,Limpieza
33,6,14,Cocina
33,6,29,Mesero
33,6,12,Cocina
33,6,13,Cocina
33,6,1,Cocina
33,6,2,Limpieza
33,6,5,Cocina
33,6,28,Limpieza
33,7,29,Mesero
33,7,3,Limpieza
33,7,3,Limpieza
33,7,27,Cocina
33,7,21,Mesero
33,7,19,Limpieza
33,7,11,Limpieza
33,7,4,Mesero
33,8,4,Cocina
33,8,24,Mesero
33,8,25,Cocina
33,8,5,Mesero
33,8,24,Mesero
33,8,18,Cocina
33,8,13,Cocina
33,8,8,Limpieza
33,9,22,Cocina
33,9,5,Cocina
33,9,14,Mesero
33,9,27,Cocina
33,9,10,Cocina
33,9,4,Cocina
33,9,14,Limpieza
33,9,28,Mesero
33,10,3,Mesero
33,10,30,Cocina
33,10,21,Mesero
33,10,15,Mesero
33,10,5,Mesero
33,10,18,Limpieza
33,10,13,Mesero
33,10,17,Cocina
33,11,30,Limpieza
33,11,28,Cocina
33,11,20,Limpieza
33,11,21,Mesero
33,11,18,Mesero
33,11,25,Limpieza
33,11,26,Mesero
33,11,19,Cocina
33,12,29,Mesero
33,12,19,Cocina
33,12,6,Limpieza
33,12,17,Cocina
33,12,14,Cocina
33,12,15,Cocina
33,12,2,Limpieza
33,12,14,Cocina
33,13,15,Cocina
33,13,6,Mesero
33,13,11,Cocina
33,13,23,Cocina
33,13,26,Cocina
33,13,2,Cocina
33,13,15,Limpieza
33,13,16,Limpieza
33,14,16,Mesero
33,14,11,Limpieza
33,14,20,Mesero
33,14,18,Cocina
33,14,13,Mesero
33,14,23,Limpieza
33,14,7,Cocina
33,14,26,Limpieza
34,1,4,Limpieza
34,1,17,Cocina
34,1,22,Mesero
34,1,11,Cocina
34,1,16,Mesero
34,1,1,Mesero
34,1,11,Limpieza
34,1,7,Cocina
34,2,3,Limpieza
34,2,24,Limpieza
34,2,11,Mesero
34,2,18,Cocina
34,2,8,Limpieza
34,2,18,Limpieza
34,2,24,Mesero
34,2,6,Mesero
34,3,1,Limpieza
34,3,15,Limpieza
34,3,20,Cocina
34,3,12,Limpieza
34,3,28,Cocina
34,3,21,Cocina
34,3,18,Mesero
34,3,17,Cocina
34,4,22,Limpieza
34,4,29,Mesero
34,4,26,Mesero
34,4,2,Mesero
34,4,17,Cocina
34,4,24,Mesero
34,4,30,Mesero
34,4,8,Limpieza
34,5,4,Cocina
34,5,9,Mesero
34,5,23,Mesero
34,5,28,Cocina
34,5,12,Limpieza
34,5,1,Limpieza
34,5,2,Cocina
34,5,25,Limpieza
34,6,14,Cocina
34,6,29,Mesero
34,6,12,Cocina
34,6,13,Cocina
34,6,1,Cocina
34,6,2,Limpieza
34,6,5,Cocina
34,6,28,Limpieza
34,7,20,Cocina
34,7,1,Cocina
34,7,13,Mesero
34,7,25,Mesero
34,7,7,Cocina
34,7,30,Cocina
34,7,28,Mesero
34,7,26,Limpieza
34,8,4,Cocina
34,8,24,Mesero
34,8,25,Cocina
34,8,5,Mesero
34,8,24,Mesero
34,8,18,Cocina
34,8,13,Cocina
34,8,8,Limpieza
34,9,22,Cocina
34,9,5,Cocina
34,9,14,Mesero
34,9,27,Cocina
34,9,10,Cocina
34,9,4,Cocina
34,9,14,Limpieza
34,9,28,Mesero
34,10,3,Mesero
34,10,30,Cocina
34,10,21,Mesero
34,10,15,Mesero
34,10,5,Mesero
34,10,18,Limpieza
34,10,13,Mesero
34,10,17,Cocina
34,11,30,Limpieza
34,11,28,Cocina
34,11,20,Limpieza
34,11,21,Mesero
34,11,18,Mesero
34,11,25,Limpieza
34,11,26,Mesero
34,11,19,Cocina
34,12,29,Mesero
34,12,19,Cocina
34,12,6,Limpieza
34,12,17,Cocina
34,12,14,Cocina
34,12,15,Cocina
34,12,2,Limpieza
34,12,14,Cocina
34,13,15,Cocina
34,13,6,Mesero
34,13,11,Cocina
34,13,23,Cocina
34,13,26,Cocina
34,13,2,Cocina
34,13,15,Limpieza
34,13,16,Limpieza
34,14,16,Mesero
34,14,11,Limpieza
34,14,20,Mesero
34,14,18,Cocina
34,14,13,Mesero
34,14,23,Limpieza
34,14,7,Cocina
34,14,26,Limpieza
35,1,4,Limpieza
35,1,17,Cocina
35,1,22,Mesero
35,1,11,Cocina
35,1,16,Mesero
35,1,1,Mesero
35,1,11,Limpieza
35,1,7,Cocina
35,2,20,Cocina
35,2,1,Cocina
35,2,13,Mesero
35,2,25,Mesero
35,2,7,Cocina
35,2,30,Cocina
35,2,28,Mesero
35,2,26,Limpieza
35,3,1,Limpieza
35,3,15,Limpieza
35,3,20,Cocina
35,3,12,Limpieza
35,3,28,Cocina
35,3,21,Cocina
35,3,18,Mesero
35,3,17,Cocina
35,4,22,Limpieza
35,4,29,Mesero
35,4,26,Mesero
35,4,2,Mesero
35,4,17,Cocina
35,4,24,Mesero
35,4,30,Mesero
35,4,8,Limpieza
35,5,4,Cocina
35,5,9,Mesero
35,5,23,Mesero
35,5,28,Cocina
35,5,12,Limpieza
35,5,1,Limpieza
35,5,2,Cocina
35,5,25,Limpieza
35,6,14,Cocina
35,6,29,Mesero
35,6,12,Cocina
35,6,13,Cocina
35,6,1,Cocina
35,6,2,Limpieza
35,6,5,Cocina
35,6,28,Limpieza
35,7,3,Limpieza
35,7,24,Limpieza
35,7,11,Mesero
35,7,18,Cocina
35,7,8,Limpieza
35,7,18,Limpieza
35,7,24,Mesero
35,7,6,Mesero
35,8,4,Cocina
35,8,24,Mesero
35,8,25,Cocina
35,8,5,Mesero
35,8,24,Mesero
35,8,18,Cocina
35,8,13,Cocina
35,8,8,Limpieza
35,9,22,Cocina
35,9,5,Cocina
35,9,14,Mesero
35,9,27,Cocina
35,9,10,Cocina
35,9,4,Cocina
35,9,14,Limpieza
35,9,28,Mesero
35,10,3,Mesero
35,10,30,Cocina
35,10,21,Mesero
35,10,15,Mesero
35,10,5,Mesero
35,10,18,Limpieza
35,10,13,Mesero
35,10,17,Cocina
35,11,30,Limpieza
35,11,28,Cocina
35,11,20,Limpieza
35,11,21,Mesero
35,11,18,Mesero
35,11,25,Limpieza
35,11,26,Mesero
35,11,19,Cocina
35,12,29,Mesero
35,12,19,Cocina
35,12,6,Limpieza
35,12,17,Cocina
35,12,14,Cocina
35,12,15,Cocina
35,12,2,Limpieza
35,12,14,Cocina
35,13,15,Cocina
35,13,6,Mesero
35,13,11,Cocina
35,13,23,Cocina
35,13,26,Cocina
35,13,2,Cocina
35,13,15,Limpieza
35,13,16,Limpieza
35,14,16,Mesero
35,14,11,Limpieza
35,14,20,Mesero
35,14,18,Cocina
35,14,13,Mesero
35,14,23,Limpieza
35,14,7,Cocina
35,14,26,Limpieza
36,1,4,Limpieza
36,1,17,Cocina
36,1,22,Mesero
36,1,11,Cocina
36,1,16,Mesero
36,1,1,Mesero
36,1,11,Limpieza
36,1,7,Cocina
36,2,20,Cocina
36,2,1,Cocina
36,2,13,Mesero
36,2,25,Mesero
36,2,7,Cocina
36,2,30,Cocina
36,2,28,Mesero
36,2,26,Limpieza
36,3,1,Limpieza
36,3,15,Limpieza
36,3,20,Cocina
36,3,12,Limpieza
36,3,28,Cocina
36,3,21,Cocina
36,3,18,Mesero
36,3,17,Cocina
36,4,16,Mesero
36,4,11,Limpieza
36,4,20,Mesero
36,4,18,Cocina
36,4,13,Mesero
36,4,23,Limpieza
36,4,7,Cocina
36,4,26,Limpieza
36,5,4,Cocina
36,5,9,Mesero
36,5,23,Mesero
36,5,28,Cocina
36,5,12,Limpieza
36,5,1,Limpieza
36,5,2,Cocina
36,5,25,Limpieza
36,6,14,Cocina
36,6,29,Mesero
36,6,12,Cocina
36,6,13,Cocina
36,6,1,Cocina
36,6,2,Limpieza
36,6,5,Cocina
36,6,28,Limpieza
36,7,29,Mesero
36,7,3,Limpieza
36,7,3,Limpieza
36,7,27,Cocina
36,7,21,Mesero
36,7,19,Limpieza
36,7,11,Limpieza
36,7,4,Mesero
36,8,4,Cocina
36,8,24,Mesero
36,8,25,Cocina
36,8,5,Mesero
36,8,24,Mesero
36,8,18,Cocina
36,8,13,Cocina
36,8,8,Limpieza
36,9,22,Limpieza
36,9,29,Mesero
36,9,26,Mesero
36,9,2,Mesero
36,9,17,Cocina
36,9,24,Mesero
36,9,30,Mesero
36,9,8,Limpieza
36,10,3,Mesero
36,10,30,Cocina
36,10,21,Mesero
36,10,15,Mesero
36,10,5,Mesero
36,10,18,Limpieza
36,10,13,Mesero
36,10,17,Cocina
36,11,30,Limpieza
36,11,28,Cocina
36,11,20,Limpieza
36,11,21,Mesero
36,11,18,Mesero
36,11,25,Limpieza
36,11,26,Mesero
36,11,19,Cocina
36,12,22,Limpieza
36,12,29,Mesero
36,12,26,Mesero
36,12,2,Mesero
36,12,17,Cocina
36,12,24,Mesero
36,12,30,Mesero
36,12,8,Limpieza
36,13,15,Cocina
36,13,6,Mesero
36,13,11,Cocina
36,13,23,Cocina
36,13,26,Cocina
36,13,2,Cocina
36,13,15,Limpieza
36,13,16,Limpieza
36,14,22,Cocina
36,14,5,Cocina
36,14,14,Mesero
36,14,27,Cocina
36,14,10,Cocina
36,14,4,Cocina
36,14,14,Limpieza
36,14,28,Mesero
37,1,4,Limpieza
37,1,17,Cocina
37,1,22,Mesero
37,1,11,Cocina
37,1,16,Mesero
37,1,1,Mesero
37,1,11,Limpieza
37,1,7,Cocina
37,2,20,Cocina
37,2,1,Cocina
37,2,13,Mesero
37,2,25,Mesero
37,2,7,Cocina
37,2,30,Cocina
37,2,28,Mesero
37,2,26,Limpieza
37,3,1,Limpieza
37,3,15,Limpieza
37,3,20,Cocina
37,3,12,Limpieza
37,3,28,Cocina
37,3,21,Cocina
37,3,18,Mesero
37,3,17,Cocina
37,4,29,Mesero
37,4,19,Cocina
37,4,6,Limpieza
37,4,17,Cocina
37,4,14,Cocina
37,4,15,Cocina
37,4,2,Limpieza
37,4,14,Cocina
37,5,4,Cocina
37,5,9,Mesero
37,5,23,Mesero
37,5,28,Cocina
37,5,12,Limpieza
37,5,1,Limpieza
37,5,2,Cocina
37,5,25,Limpieza
37,6,14,Cocina
37,6,29,Mesero
37,6,12,Cocina
37,6,13,Cocina
37,6,1,Cocina
37,6,2,Limpieza
37,6,5,Cocina
37,6,28,Limpieza
37,7,3,Limpieza
37,7,24,Limpieza
37,7,11,Mesero
37,7,18,Cocina
37,7,8,Limpieza
37,7,18,Limpieza
37,7,24,Mesero
37,7,6,Mesero
37,8,4,Cocina
37,8,24,Mesero
37,8,25,Cocina
37,8,5,Mesero
37,8,24,Mesero
37,8,18,Cocina
37,8,13,Cocina
37,8,8,Limpieza
37,9,22,Cocina
37,9,5,Cocina
37,9,14,Mesero
37,9,27,Cocina
37,9,10,Cocina
37,9,4,Cocina
37,9,14,Limpieza
37,9,28,Mesero
37,10,3,Mesero
37,10,30,Cocina
37,10,21,Mesero
37,10,15,Mesero
37,10,5,Mesero
37,10,18,Limpieza
37,10,13,Mesero
37,10,17,Cocina
37,11,30,Limpieza
37,11,28,Cocina
37,11,20,Limpieza
37,11,21,Mesero
37,11,18,Mesero
37,11,25,Limpieza
37,11,26,Mesero
37,11,19,Cocina
37,12,29,Mesero
37,12,19,Cocina
37,12,6,Limpieza
37,12,17,Cocina
37,12,14,Cocina
37,12,15,Cocina
37,12,2,Limpieza
37,12,14,Cocina
37,13,15,Cocina
37,13,6,Mesero
37,13,11,Cocina
37,13,23,Cocina
37,13,26,Cocina
37,13,2,Cocina
37,13,15,Limpieza
37,13,16,Limpieza
37,14,16,Mesero
37,14,11,Limpieza
37,14,20,Mesero
37,14,18,Cocina
37,14,13,Mesero
37,14,23,Limpieza
37,14,7,Cocina
37,14,26,Limpieza
38,1,4,Limpieza
38,1,17,Cocina
38,1,22,Mesero
38,1,11,Cocina
38,1,16,Mesero
38,1,1,Mesero
38,1,11,Limpieza
38,1,7,Cocina
38,2,20,Cocina
38,2,1,Cocina
38,2,13,Mesero
38,2,25,Mesero
38,2,7,Cocina
38,2,30,Cocina
38,2,28,Mesero
38,2,26,Limpieza
38,3,1,Limpieza
38,3,15,Limpieza
38,3,20,Cocina
38,3,12,Limpieza
38,3,28,Cocina
38,3,21,Cocina
38,3,18,Mesero
38,3,17,Cocina
38,4,29,Mesero
38,4,19,Cocina
38,4,6,Limpieza
38,4,17,Cocina
38,4,14,Cocina
38,4,15,Cocina
38,4,2,Limpieza
38,4,14,Cocina
38,5,4,Cocina
38,5,9,Mesero
38,5,23,Mesero
38,5,28,Cocina
38,5,12,Limpieza
38,5,1,Limpieza
38,5,2,Cocina
38,5,25,Limpieza
38,6,14,Cocina
38,6,29,Mesero
38,6,12,Cocina
38,6,13,Cocina
38,6,1,Cocina
38,6,2,Limpieza
38,6,5,Cocina
38,6,28,Limpieza
38,7,3,Limpieza
38,7,24,Limpieza
38,7,11,Mesero
38,7,18,Cocina
38,7,8,Limpieza
38,7,18,Limpieza
38,7,24,Mesero
38,7,6,Mesero
38,8,4,Cocina
38,8,24,Mesero
38,8,25,Cocina
38,8,5,Mesero
38,8,24,Mesero
38,8,18,Cocina
38,8,13,Cocina
38,8,8,Limpieza
38,9,22,Cocina
38,9,5,Cocina
38,9,14,Mesero
38,9,27,Cocina
38,9,10,Cocina
38,9,4,Cocina
38,9,14,Limpieza
38,9,28,Mesero
38,10,3,Mesero
38,10,30,Cocina
38,10,21,Mesero
38,10,15,Mesero
38,10,5,Mesero
38,10,18,Limpieza
38,10,13,Mesero
38,10,17,Cocina
38,11,30,Limpieza
38,11,28,Cocina
38,11,20,Limpieza
38,11,21,Mesero
38,11,18,Mesero
38,11,25,Limpieza
38,11,26,Mesero
38,11,19,Cocina
38,12,29,Mesero
38,12,19,Cocina
38,12,6,Limpieza
38,12,17,Cocina
38,12,14,Cocina
38,12,15,Cocina
38,12,2,Limpieza
38,12,14,Cocina
38,13,15,Cocina
38,13,6,Mesero
38,13,11,Cocina
38,13,23,Cocina
38,13,26,Cocina
38,13,2,Cocina
38,13,15,Limpieza
38,13,16,Limpieza
38,14,16,Mesero
38,14,11,Limpieza
38,14,20,Mesero
38,14,18,Cocina
38,14,13,Mesero
38,14,23,Limpieza
38,14,7,Cocina
38,14,26,Limpieza
39,1,4,Limpieza
39,1,17,Cocina
39,1,22,Mesero
39,1,11,Cocina
39,1,16,Mesero
39,1,1,Mesero
39,1,11,Limpieza
39,1,7,Cocina
39,2,20,Cocina
39,2,1,Cocina
39,2,13,Mesero
39,2,25,Mesero
39,2,7,Cocina
39,2,30,Cocina
39,2,28,Mesero
39,2,26,Limpieza
39,3,1,Limpieza
39,3,15,Limpieza
39,3,20,Cocina
39,3,12,Limpieza
39,3,28,Cocina
39,3,21,Cocina
39,3,18,Mesero
39,3,17,Cocina
39,4,22,Limpieza
39,4,29,Mesero
39,4,26,Mesero
39,4,2,Mesero
39,4,17,Cocina
39,4,24,Mesero
39,4,30,Mesero
39,4,8,Limpieza
39,5,4,Cocina
39,5,9,Mesero
39,5,23,Mesero
39,5,28,Cocina
39,5,12,Limpieza
39,5,1,Limpieza
39,5,2,Cocina
39,5,25,Limpieza
39,6,14,Cocina
39,6,29,Mesero
39,6,12,Cocina
39,6,13,Cocina
39,6,1,Cocina
39,6,2,Limpieza
39,6,5,Cocina
39,6,28,Limpieza
39,7,29,Mesero
39,7,3,Limpieza
39,7,3,Limpieza
39,7,27,Cocina
39,7,21,Mesero
39,7,19,Limpieza
39,7,11,Limpieza
39,7,4,Mesero
39,8,4,Cocina
39,8,24,Mesero
39,8,25,Cocina
39,8,5,Mesero
39,8,24,Mesero
39,8,18,Cocina
39,8,13,Cocina
39,8,8,Limpieza
39,9,22,Cocina
39,9,5,Cocina
39,9,14,Mesero
39,9,27,Cocina
39,9,10,Cocina
39,9,4,Cocina
39,9,14,Limpieza
39,9,28,Mesero
39,10,3,Mesero
39,10,30,Cocina
39,10,21,Mesero
39,10,15,Mesero
39,10,5,Mesero
39,10,18,Limpieza
39,10,13,Mesero
39,10,17,Cocina
39,11,30,Limpieza
39,11,28,Cocina
39,11,20,Limpieza
39,11,21,Mesero
39,11,18,Mesero
39,11,25,Limpieza
39,11,26,Mesero
39,11,19,Cocina
39,12,29,Mesero
39,12,19,Cocina
39,12,6,Limpieza
39,12,17,Cocina
39,12,14,Cocina
39,12,15,Cocina
39,12,2,Limpieza
39,12,14,Cocina
39,13,15,Cocina
39,13,6,Mesero
39,13,11,Cocina
39,13,23,Cocina
39,13,26,Cocina
39,13,2,Cocina
39,13,15,Limpieza
39,13,16,Limpieza
39,14,16,Mesero
39,14,11,Limpieza
39,14,20,Mesero
39,14,18,Cocina
39,14,13,Mesero
39,14,23,Limpieza
39,14,7,Cocina
39,14,26,Limpieza
40,1,4,Limpieza
40,1,17,Cocina
40,1,22,Mesero
40,1,11,Cocina
40,1,16,Mesero
40,1,1,Mesero
40,1,11,Limpieza
40,1,7,Cocina
40,2,20,Cocina
40,2,1,Cocina
40,2,13,Mesero
40,2,25,Mesero
40,2,7,Cocina
40,2,30,Cocina
40,2,28,Mesero
40,2,26,Limpieza
40,3,1,Limpieza
40,3,15,Limpieza
40,3,20,Cocina
40,3,12,Limpieza
40,3,28,Cocina
40,3,21,Cocina
40,3,18,Mesero
40,3,17,Cocina
40,4,22,Limpieza
40,4,29,Mesero
40,4,26,Mesero
40,4,2,Mesero
40,4,17,Cocina
40,4,24,Mesero
40,4,30,Mesero
40,4,8,Limpieza
40,5,4,Cocina
40,5,9,Mesero
40,5,23,Mesero
40,5,28,Cocina
40,5,12,Limpieza
40,5,1,Limpieza
40,5,2,Cocina
40,5,25,Limpieza
40,6,14,Cocina
40,6,29,Mesero
40,6,12,Cocina
40,6,13,Cocina
40,6,1,Cocina
40,6,2,Limpieza
40,6,5,Cocina
40,6,28,Limpieza
40,7,3,Limpieza
40,7,24,Limpieza
40,7,11,Mesero
40,7,18,Cocina
40,7,8,Limpieza
40,7,18,Limpieza
40,7,24,Mesero
40,7,6,Mesero
40,8,4,Cocina
40,8,24,Mesero
40,8,25,Cocina
40,8,5,Mesero
40,8,24,Mesero
40,8,18,Cocina
40,8,13,Cocina
40,8,8,Limpieza
40,9,22,Cocina
40,9,5,Cocina
40,9,14,Mesero
40,9,27,Cocina
40,9,10,Cocina
40,9,4,Cocina
40,9,14,Limpieza
40,9,28,Mesero
40,10,3,Mesero
40,10,30,Cocina
40,10,21,Mesero
40,10,15,Mesero
40,10,5,Mesero
40,10,18,Limpieza
40,10,13,Mesero
40,10,17,Cocina
40,11,30,Limpieza
40,11,28,Cocina
40,11,20,Limpieza
40,11,21,Mesero
40,11,18,Mesero
40,11,25,Limpieza
40,11,26,Mesero
40,11,19,Cocina
40,12,29,Mesero
40,12,19,Cocina
40,12,6,Limpieza
40,12,17,Cocina
40,12,14,Cocina
40,12,15,Cocina
40,12,2,Limpieza
40,12,14,Cocina
40,13,15,Cocina
40,13,6,Mesero
40,13,11,Cocina
40,13,23,Cocina
40,13,26,Cocina
40,13,2,Cocina
40,13,15,Limpieza
40,13,16,Limpieza
40,14,16,Mesero
40,14,11,Limpieza
40,14,20,Mesero
40,14,18,Cocina
40,14,13,Mesero
40,14,23,Limpieza
40,14,7,Cocina
40,14,26,Limpieza
41,1,4,Limpieza
41,1,17,Cocina
41,1,22,Mesero
41,1,11,Cocina
41,1,16,Mesero
41,1,1,Mesero
41,1,11,Limpieza
41,1,7,Cocina
41,2,29,Mesero
41,2,19,Cocina
41,2,6,Limpieza
41,2,17,Cocina
41,2,14,Cocina
41,2,15,Cocina
41,2,2,Limpieza
41,2,14,Cocina
41,3,1,Limpieza
41,3,15,Limpieza
41,3,20,Cocina
41,3,12,Limpieza
41,3,28,Cocina
41,3,21,Cocina
41,3,18,Mesero
41,3,17,Cocina
41,4,22,Limpieza
41,4,29,Mesero
41,4,26,Mesero
41,4,2,Mesero
41,4,17,Cocina
41,4,24,Mesero
41,4,30,Mesero
41,4,8,Limpieza
41,5,4,Cocina
41,5,9,Mesero
41,5,23,Mesero
41,5,28,Cocina
41,5,12,Limpieza
41,5,1,Limpieza
41,5,2,Cocina
41,5,25,Limpieza
41,6,14,Cocina
41,6,29,Mesero
41,6,12,Cocina
41,6,13,Cocina
41,6,1,Cocina
41,6,2,Limpieza
41,6,5,Cocina
41,6,28,Limpieza
41,7,3,Limpieza
41,7,24,Limpieza
41,7,11,Mesero
41,7,18,Cocina
41,7,8,Limpieza
41,7,18,Limpieza
41,7,24,Mesero
41,7,6,Mesero
41,8,4,Cocina
41,8,24,Mesero
41,8,25,Cocina
41,8,5,Mesero
41,8,24,Mesero
41,8,18,Cocina
41,8,13,Cocina
41,8,8,Limpieza
41,9,22,Cocina
41,9,5,Cocina
41,9,14,Mesero
41,9,27,Cocina
41,9,10,Cocina
41,9,4,Cocina
41,9,14,Limpieza
41,9,28,Mesero
41,10,3,Mesero
41,10,30,Cocina
41,10,21,Mesero
41,10,15,Mesero
41,10,5,Mesero
41,10,18,Limpieza
41,10,13,Mesero
41,10,17,Cocina
41,11,30,Limpieza
41,11,28,Cocina
41,11,20,Limpieza
41,11,21,Mesero
41,11,18,Mesero
41,11,25,Limpieza
41,11,26,Mesero
41,11,19,Cocina
41,12,20,Cocina
41,12,1,Cocina
41,12,13,Mesero
41,12,25,Mesero
41,12,7,Cocina
41,12,30,Cocina
41,12,28,Mesero
41,12,26,Limpieza
41,13,15,Cocina
41,13,6,Mesero
41,13,11,Cocina
41,13,23,Cocina
41,13,26,Cocina
41,13,2,Cocina
41,13,15,Limpieza
41,13,16,Limpieza
41,14,16,Mesero
41,14,11,Limpieza
41,14,20,Mesero
41,14,18,Cocina
41,14,13,Mesero
41,14,23,Limpieza
41,14,7,Cocina
41,14,26,Limpieza
42,1,14,Cocina
42,1,29,Mesero
42,1,12,Cocina
42,1,13,Cocina
42,1,1,Cocina
42,1,2,Limpieza
42,1,5,Cocina
42,1,28,Limpieza
42,2,20,Cocina
42,2,1,Cocina
42,2,13,Mesero
42,2,25,Mesero
42,2,7,Cocina
42,2,30,Cocina
42,2,28,Mesero
42,2,26,Limpieza
42,3,1,Limpieza
42,3,15,Limpieza
42,3,20,Cocina
42,3,12,Limpieza
42,3,28,Cocina
42,3,21,Cocina
42,3,18,Mesero
42,3,17,Cocina
42,4,22,Limpieza
42,4,29,Mesero
42,4,26,Mesero
42,4,2,Mesero
42,4,17,Cocina
42,4,24,Mesero
42,4,30,Mesero
42,4,8,Limpieza
42,5,4,Cocina
42,5,9,Mesero
42,5,23,Mesero
42,5,28,Cocina
42,5,12,Limpieza
42,5,1,Limpieza
42,5,2,Cocina
42,5,25,Limpieza
42,6,4,Limpieza
42,6,17,Cocina
42,6,22,Mesero
42,6,11,Cocina
42,6,16,Mesero
42,6,1,Mesero
42,6,11,Limpieza
42,6,7,Cocina
42,7,3,Limpieza
42,7,24,Limpieza
42,7,11,Mesero
42,7,18,Cocina
42,7,8,Limpieza
42,7,18,Limpieza
42,7,24,Mesero
42,7,6,Mesero
42,8,4,Cocina
42,8,24,Mesero
42,8,25,Cocina
42,8,5,Mesero
42,8,24,Mesero
42,8,18,Cocina
42,8,13,Cocina
42,8,8,Limpieza
42,9,22,Cocina
42,9,5,Cocina
42,9,14,Mesero
42,9,27,Cocina
42,9,10,Cocina
42,9,4,Cocina
42,9,14,Limpieza
42,9,28,Mesero
42,10,3,Mesero
42,10,30,Cocina
42,10,21,Mesero
42,10,15,Mesero
42,10,5,Mesero
42,10,18,Limpieza
42,10,13,Mesero
42,10,17,Cocina
42,11,30,Limpieza
42,11,28,Cocina
42,11,20,Limpieza
42,11,21,Mesero
42,11,18,Mesero
42,11,25,Limpieza
42,11,26,Mesero
42,11,19,Cocina
42,12,29,Mesero
42,12,19,Cocina
42,12,6,Limpieza
42,12,17,Cocina
42,12,14,Cocina
42,12,15,Cocina
42,12,2,Limpieza
42,12,14,Cocina
42,13,15,Cocina
42,13,6,Mesero
42,13,11,Cocina
42,13,23,Cocina
42,13,26,Cocina
42,13,2,Cocina
42,13,15,Limpieza
42,13,16,Limpieza
42,14,16,Mesero
42,14,11,Limpieza
42,14,20,Mesero
42,14,18,Cocina
42,14,13,Mesero
42,14,23,Limpieza
42,14,7,Cocina
42,14,26,Limpieza
43,1,4,Limpieza
43,1,17,Cocina
43,1,22,Mesero
43,1,11,Cocina
43,1,16,Mesero
43,1,1,Mesero
43,1,11,Limpieza
43,1,7,Cocina
43,2,20,Cocina
43,2,1,Cocina
43,2,13,Mesero
43,2,25,Mesero
43,2,7,Cocina
43,2,30,Cocina
43,2,28,Mesero
43,2,26,Limpieza
43,3,1,Limpieza
43,3,15,Limpieza
43,3,20,Cocina
43,3,12,Limpieza
43,3,28,Cocina
43,3,21,Cocina
43,3,18,Mesero
43,3,17,Cocina
43,4,22,Limpieza
43,4,29,Mesero
43,4,26,Mesero
43,4,2,Mesero
43,4,17,Cocina
43,4,24,Mesero
43,4,30,Mesero
43,4,8,Limpieza
43,5,4,Cocina
43,5,9,Mesero
43,5,23,Mesero
43,5,28,Cocina
43,5,12,Limpieza
43,5,1,Limpieza
43,5,2,Cocina
43,5,25,Limpieza
43,6,14,Cocina
43,6,29,Mesero
43,6,12,Cocina
43,6,13,Cocina
43,6,1,Cocina
43,6,2,Limpieza
43,6,5,Cocina
43,6,28,Limpieza
43,7,29,Mesero
43,7,3,Limpieza
43,7,3,Limpieza
43,7,27,Cocina
43,7,21,Mesero
43,7,19,Limpieza
43,7,11,Limpieza
43,7,4,Mesero
43,8,4,Cocina
43,8,24,Mesero
43,8,25,Cocina
43,8,5,Mesero
43,8,24,Mesero
43,8,18,Cocina
43,8,13,Cocina
43,8,8,Limpieza
43,9,22,Cocina
43,9,5,Cocina
43,9,14,Mesero
43,9,27,Cocina
43,9,10,Cocina
43,9,4,Cocina
43,9,14,Limpieza
43,9,28,Mesero
43,10,3,Mesero
43,10,30,Cocina
43,10,21,Mesero
43,10,15,Mesero
43,10,5,Mesero
43,10,18,Limpieza
43,10,13,Mesero
43,10,17,Cocina
43,11,30,Limpieza
43,11,28,Cocina
43,11,20,Limpieza
43,11,21,Mesero
43,11,18,Mesero
43,11,25,Limpieza
43,11,26,Mesero
43,11,19,Cocina
43,12,29,Mesero
43,12,19,Cocina
43,12,6,Limpieza
43,12,17,Cocina
43,12,14,Cocina
43,12,15,Cocina
43,12,2,Limpieza
43,12,14,Cocina
43,13,15,Cocina
43,13,6,Mesero
43,13,11,Cocina
43,13,23,Cocina
43,13,26,Cocina
43,13,2,Cocina
43,13,15,Limpieza
43,13,16,Limpieza
43,14,16,Mesero
43,14,11,Limpieza
43,14,20,Mesero
43,14,18,Cocina
43,14,13,Mesero
43,14,23,Limpieza
43,14,7,Cocina
43,14,26,Limpieza
44,1,4,Limpieza
44,1,17,Cocina
44,1,22,Mesero
44,1,11,Cocina
44,1,16,Mesero
44,1,1,Mesero
44,1,11,Limpieza
44,1,7,Cocina
44,2,20,Cocina
44,2,1,Cocina
44,2,13,Mesero
44,2,25,Mesero
44,2,7,Cocina
44,2,30,Cocina
44,2,28,Mesero
44,2,26,Limpieza
44,3,1,Limpieza
44,3,15,Limpieza
44,3,20,Cocina
44,3,12,Limpieza
44,3,28,Cocina
44,3,21,Cocina
44,3,18,Mesero
44,3,17,Cocina
44,4,22,Limpieza
44,4,29,Mesero
44,4,26,Mesero
44,4,2,Mesero
44,4,17,Cocina
44,4,24,Mesero
44,4,30,Mesero
44,4,8,Limpieza
44,5,4,Cocina
44,5,9,Mesero
44,5,23,Mesero
44,5,28,Cocina
44,5,12,Limpieza
44,5,1,Limpieza
44,5,2,Cocina
44,5,25,Limpieza
44,6,14,Cocina
44,6,29,Mesero
44,6,12,Cocina
44,6,13,Cocina
44,6,1,Cocina
44,6,2,Limpieza
44,6,5,Cocina
44,6,28,Limpieza
44,7,3,Limpieza
44,7,24,Limpieza
44,7,11,Mesero
44,7,18,Cocina
44,7,8,Limpieza
44,7,18,Limpieza
44,7,24,Mesero
44,7,6,Mesero
44,8,4,Cocina
44,8,24,Mesero
44,8,25,Cocina
44,8,5,Mesero
44,8,24,Mesero
44,8,18,Cocina
44,8,13,Cocina
44,8,8,Limpieza
44,9,22,Cocina
44,9,5,Cocina
44,9,14,Mesero
44,9,27,Cocina
44,9,10,Cocina
44,9,4,Cocina
44,9,14,Limpieza
44,9,28,Mesero
44,10,3,Mesero
44,10,30,Cocina
44,10,21,Mesero
44,10,15,Mesero
44,10,5,Mesero
44,10,18,Limpieza
44,10,13,Mesero
44,10,17,Cocina
44,11,30,Limpieza
44,11,28,Cocina
44,11,20,Limpieza
44,11,21,Mesero
44,11,18,Mesero
44,11,25,Limpieza
44,11,26,Mesero
44,11,19,Cocina
44,12,29,Mesero
44,12,19,Cocina
44,12,6,Limpieza
44,12,17,Cocina
44,12,14,Cocina
44,12,15,Cocina
44,12,2,Limpieza
44,12,14,Cocina
44,13,15,Cocina
44,13,6,Mesero
44,13,11,Cocina
44,13,23,Cocina
44,13,26,Cocina
44,13,2,Cocina
44,13,15,Limpieza
44,13,16,Limpieza
44,14,16,Mesero
44,14,11,Limpieza
44,14,20,Mesero
44,14,18,Cocina
44,14,13,Mesero
44,14,23,Limpieza
44,14,7,Cocina
44,14,26,Limpieza
45,1,4,Limpieza
45,1,17,Cocina
45,1,22,Mesero
45,1,11,Cocina
45,1,16,Mesero
45,1,1,Mesero
45,1,11,Limpieza
45,1,7,Cocina
45,2,20,Cocina
45,2,1,Cocina
45,2,13,Mesero
45,2,25,Mesero
45,2,7,Cocina
45,2,30,Cocina
45,2,28,Mesero
45,2,26,Limpieza
45,3,1,Limpieza
45,3,15,Limpieza
45,3,20,Cocina
45,3,12,Limpieza
45,3,28,Cocina
45,3,21,Cocina
45,3,18,Mesero
45,3,17,Cocina
45,4,22,Limpieza
45,4,29,Mesero
45,4,26,Mesero
45,4,2,Mesero
45,4,17,Cocina
45,4,24,Mesero
45,4,30,Mesero
45,4,8,Limpieza
45,5,4,Cocina
45,5,9,Mesero
45,5,23,Mesero
45,5,28,Cocina
45,5,12,Limpieza
45,5,1,Limpieza
45,5,2,Cocina
45,5,25,Limpieza
45,6,14,Cocina
45,6,29,Mesero
45,6,12,Cocina
45,6,13,Cocina
45,6,1,Cocina
45,6,2,Limpieza
45,6,5,Cocina
45,6,28,Limpieza
45,7,3,Limpieza
45,7,24,Limpieza
45,7,11,Mesero
45,7,18,Cocina
45,7,8,Limpieza
45,7,18,Limpieza
45,7,24,Mesero
45,7,6,Mesero
45,8,4,Cocina
45,8,24,Mesero
45,8,25,Cocina
45,8,5,Mesero
45,8,24,Mesero
45,8,18,Cocina
45,8,13,Cocina
45,8,8,Limpieza
45,9,22,Cocina
45,9,5,Cocina
45,9,14,Mesero
45,9,27,Cocina
45,9,10,Cocina
45,9,4,Cocina
45,9,14,Limpieza
45,9,28,Mesero
45,10,3,Mesero
45,10,30,Cocina
45,10,21,Mesero
45,10,15,Mesero
45,10,5,Mesero
45,10,18,Limpieza
45,10,13,Mesero
45,10,17,Cocina
45,11,30,Limpieza
45,11,28,Cocina
45,11,20,Limpieza
45,11,21,Mesero
45,11,18,Mesero
45,11,25,Limpieza
45,11,26,Mesero
45,11,19,Cocina
45,12,29,Mesero
45,12,19,Cocina
45,12,6,Limpieza
45,12,17,Cocina
45,12,14,Cocina
45,12,15,Cocina
45,12,2,Limpieza
45,12,14,Cocina
45,13,15,Cocina
45,13,6,Mesero
45,13,11,Cocina
45,13,23,Cocina
45,13,26,Cocina
45,13,2,Cocina
45,13,15,Limpieza
45,13,16,Limpieza
45,14,16,Mesero
45,14,11,Limpieza
45,14,20,Mesero
45,14,18,Cocina
45,14,13,Mesero
45,14,23,Limpieza
45,14,7,Cocina
45,14,26,Limpieza
46,1,4,Limpieza
46,1,17,Cocina
46,1,22,Mesero
46,1,11,Cocina
46,1,16,Mesero
46,1,1,Mesero
46,1,11,Limpieza
46,1,7,Cocina
46,2,20,Cocina
46,2,1,Cocina
46,2,13,Mesero
46,2,25,Mesero
46,2,7,Cocina
46,2,30,Cocina
46,2,28,Mesero
46,2,26,Limpieza
46,3,1,Limpieza
46,3,15,Limpieza
46,3,20,Cocina
46,3,12,Limpieza
46,3,28,Cocina
46,3,21,Cocina
46,3,18,Mesero
46,3,17,Cocina
46,4,22,Limpieza
46,4,29,Mesero
46,4,26,Mesero
46,4,2,Mesero
46,4,17,Cocina
46,4,24,Mesero
46,4,30,Mesero
46,4,8,Limpieza
46,5,4,Cocina
46,5,9,Mesero
46,5,23,Mesero
46,5,28,Cocina
46,5,12,Limpieza
46,5,1,Limpieza
46,5,2,Cocina
46,5,25,Limpieza
46,6,14,Cocina
46,6,29,Mesero
46,6,12,Cocina
46,6,13,Cocina
46,6,1,Cocina
46,6,2,Limpieza
46,6,5,Cocina
46,6,28,Limpieza
46,7,29,Mesero
46,7,3,Limpieza
46,7,3,Limpieza
46,7,27,Cocina
46,7,21,Mesero
46,7,19,Limpieza
46,7,11,Limpieza
46,7,4,Mesero
46,8,4,Cocina
46,8,24,Mesero
46,8,25,Cocina
46,8,5,Mesero
46,8,24,Mesero
46,8,18,Cocina
46,8,13,Cocina
46,8,8,Limpieza
46,9,22,Cocina
46,9,5,Cocina
46,9,14,Mesero
46,9,27,Cocina
46,9,10,Cocina
46,9,4,Cocina
46,9,14,Limpieza
46,9,28,Mesero
46,10,3,Mesero
46,10,30,Cocina
46,10,21,Mesero
46,10,15,Mesero
46,10,5,Mesero
46,10,18,Limpieza
46,10,13,Mesero
46,10,17,Cocina
46,11,30,Limpieza
46,11,28,Cocina
46,11,20,Limpieza
46,11,21,Mesero
46,11,18,Mesero
46,11,25,Limpieza
46,11,26,Mesero
46,11,19,Cocina
46,12,22,Limpieza
46,12,29,Mesero
46,12,26,Mesero
46,12,2,Mesero
46,12,17,Cocina
46,12,24,Mesero
46,12,30,Mesero
46,12,8,Limpieza
46,13,15,Cocina
46,13,6,Mesero
46,13,11,Cocina
46,13,23,Cocina
46,13,26,Cocina
46,13,2,Cocina
46,13,15,Limpieza
46,13,16,Limpieza
46,14,16,Mesero
46,14,11,Limpieza
46,14,20,Mesero
46,14,18,Cocina
46,14,13,Mesero
46,14,23,Limpieza
46,14,7,Cocina
46,14,26,Limpieza
47,1,4,Limpieza
47,1,17,Cocina
47,1,22,Mesero
47,1,11,Cocina
47,1,16,Mesero
47,1,1,Mesero
47,1,11,Limpieza
47,1,7,Cocina
47,2,20,Cocina
47,2,1,Cocina
47,2,13,Mesero
47,2,25,Mesero
47,2,7,Cocina
47,2,30,Cocina
47,2,28,Mesero
47,2,26,Limpieza
47,3,1,Limpieza
47,3,15,Limpieza
47,3,20,Cocina
47,3,12,Limpieza
47,3,28,Cocina
47,3,21,Cocina
47,3,18,Mesero
47,3,17,Cocina
47,4,22,Limpieza
47,4,29,Mesero
47,4,26,Mesero
47,4,2,Mesero
47,4,17,Cocina
47,4,24,Mesero
47,4,30,Mesero
47,4,8,Limpieza
47,5,4,Cocina
47,5,9,Mesero
47,5,23,Mesero
47,5,28,Cocina
47,5,12,Limpieza
47,5,1,Limpieza
47,5,2,Cocina
47,5,25,Limpieza
47,6,14,Cocina
47,6,29,Mesero
47,6,12,Cocina
47,6,13,Cocina
47,6,1,Cocina
47,6,2,Limpieza
47,6,5,Cocina
47,6,28,Limpieza
47,7,29,Mesero
47,7,3,Limpieza
47,7,3,Limpieza
47,7,27,Cocina
47,7,21,Mesero
47,7,19,Limpieza
47,7,11,Limpieza
47,7,4,Mesero
47,8,4,Cocina
47,8,24,Mesero
47,8,25,Cocina
47,8,5,Mesero
47,8,24,Mesero
47,8,18,Cocina
47,8,13,Cocina
47,8,8,Limpieza
47,9,22,Cocina
47,9,5,Cocina
47,9,14,Mesero
47,9,27,Cocina
47,9,10,Cocina
47,9,4,Cocina
47,9,14,Limpieza
47,9,28,Mesero
47,10,3,Mesero
47,10,30,Cocina
47,10,21,Mesero
47,10,15,Mesero
47,10,5,Mesero
47,10,18,Limpieza
47,10,13,Mesero
47,10,17,Cocina
47,11,30,Limpieza
47,11,28,Cocina
47,11,20,Limpieza
47,11,21,Mesero
47,11,18,Mesero
47,11,25,Limpieza
47,11,26,Mesero
47,11,19,Cocina
47,12,29,Mesero
47,12,19,Cocina
47,12,6,Limpieza
47,12,17,Cocina
47,12,14,Cocina
47,12,15,Cocina
47,12,2,Limpieza
47,12,14,Cocina
47,13,15,Cocina
47,13,6,Mesero
47,13,11,Cocina
47,13,23,Cocina
47,13,26,Cocina
47,13,2,Cocina
47,13,15,Limpieza
47,13,16,Limpieza
47,14,16,Mesero
47,14,11,Limpieza
47,14,20,Mesero
47,14,18,Cocina
47,14,13,Mesero
47,14,23,Limpieza
47,14,7,Cocina
47,14,26,Limpieza
48,1,4,Limpieza
48,1,17,Cocina
48,1,22,Mesero
48,1,11,Cocina
48,1,16,Mesero
48,1,1,Mesero
48,1,11,Limpieza
48,1,7,Cocina
48,2,20,Cocina
48,2,1,Cocina
48,2,13,Mesero
48,2,25,Mesero
48,2,7,Cocina
48,2,30,Cocina
48,2,28,Mesero
48,2,26,Limpieza
48,3,1,Limpieza
48,3,15,Limpieza
48,3,20,Cocina
48,3,12,Limpieza
48,3,28,Cocina
48,3,21,Cocina
48,3,18,Mesero
48,3,17,Cocina
48,4,22,Limpieza
48,4,29,Mesero
48,4,26,Mesero
48,4,2,Mesero
48,4,17,Cocina
48,4,24,Mesero
48,4,30,Mesero
48,4,8,Limpieza
48,5,4,Cocina
48,5,9,Mesero
48,5,23,Mesero
48,5,28,Cocina
48,5,12,Limpieza
48,5,1,Limpieza
48,5,2,Cocina
48,5,25,Limpieza
48,6,14,Cocina
48,6,29,Mesero
48,6,12,Cocina
48,6,13,Cocina
48,6,1,Cocina
48,6,2,Limpieza
48,6,5,Cocina
48,6,28,Limpieza
48,7,3,Limpieza
48,7,24,Limpieza
48,7,11,Mesero
48,7,18,Cocina
48,7,8,Limpieza
48,7,18,Limpieza
48,7,24,Mesero
48,7,6,Mesero
48,8,4,Cocina
48,8,24,Mesero
48,8,25,Cocina
48,8,5,Mesero
48,8,24,Mesero
48,8,18,Cocina
48,8,13,Cocina
48,8,8,Limpieza
48,9,22,Cocina
48,9,5,Cocina
48,9,14,Mesero
48,9,27,Cocina
48,9,10,Cocina
48,9,4,Cocina
48,9,14,Limpieza
48,9,28,Mesero
48,10,3,Mesero
48,10,30,Cocina
48,10,21,Mesero
48,10,15,Mesero
48,10,5,Mesero
48,10,18,Limpieza
48,10,13,Mesero
48,10,17,Cocina
48,11,30,Limpieza
48,11,28,Cocina
48,11,20,Limpieza
48,11,21,Mesero
48,11,18,Mesero
48,11,25,Limpieza
48,11,26,Mesero
48,11,19,Cocina
48,12,29,Mesero
48,12,19,Cocina
48,12,6,Limpieza
48,12,17,Cocina
48,12,14,Cocina
48,12,15,Cocina
48,12,2,Limpieza
48,12,14,Cocina
48,13,15,Cocina
48,13,6,Mesero
48,13,11,Cocina
48,13,23,Cocina
48,13,26,Cocina
48,13,2,Cocina
48,13,15,Limpieza
48,13,16,Limpieza
48,14,16,Mesero
48,14,11,Limpieza
48,14,20,Mesero
48,14,18,Cocina
48,14,13,Mesero
48,14,23,Limpieza
48,14,7,Cocina
48,14,26,Limpieza
49,1,4,Limpieza
49,1,17,Cocina
49,1,22,Mesero
49,1,11,Cocina
49,1,16,Mesero
49,1,1,Mesero
49,1,11,Limpieza
49,1,7,Cocina
49,2,20,Cocina
49,2,1,Cocina
49,2,13,Mesero
49,2,25,Mesero
49,2,7,Cocina
49,2,30,Cocina
49,2,28,Mesero
49,2,26,Limpieza
49,3,1,Limpieza
49,3,15,Limpieza
49,3,20,Cocina
49,3,12,Limpieza
49,3,28,Cocina
49,3,21,Cocina
49,3,18,Mesero
49,3,17,Cocina
49,4,22,Limpieza
49,4,29,Mesero
49,4,26,Mesero
49,4,2,Mesero
49,4,17,Cocina
49,4,24,Mesero
49,4,30,Mesero
49,4,8,Limpieza
49,5,4,Cocina
49,5,9,Mesero
49,5,23,Mesero
49,5,28,Cocina
49,5,12,Limpieza
49,5,1,Limpieza
49,5,2,Cocina
49,5,25,Limpieza
49,6,14,Cocina
49,6,29,Mesero
49,6,12,Cocina
49,6,13,Cocina
49,6,1,Cocina
49,6,2,Limpieza
49,6,5,Cocina
49,6,28,Limpieza
49,7,3,Limpieza
49,7,24,Limpieza
49,7,11,Mesero
49,7,18,Cocina
49,7,8,Limpieza
49,7,18,Limpieza
49,7,24,Mesero
49,7,6,Mesero
49,8,4,Cocina
49,8,24,Mesero
49,8,25,Cocina
49,8,5,Mesero
49,8,24,Mesero
49,8,18,Cocina
49,8,13,Cocina
49,8,8,Limpieza
49,9,22,Cocina
49,9,5,Cocina
49,9,14,Mesero
49,9,27,Cocina
49,9,10,Cocina
49,9,4,Cocina
49,9,14,Limpieza
49,9,28,Mesero
49,10,3,Mesero
49,10,30,Cocina
49,10,21,Mesero
49,10,15,Mesero
49,10,5,Mesero
49,10,18,Limpieza
49,10,13,Mesero
49,10,17,Cocina
49,11,30,Limpieza
49,11,28,Cocina
49,11,20,Limpieza
49,11,21,Mesero
49,11,18,Mesero
49,11,25,Limpieza
49,11,26,Mesero
49,11,19,Cocina
49,12,29,Mesero
49,12,19,Cocina
49,12,6,Limpieza
49,12,17,Cocina
49,12,14,Cocina
49,12,15,Cocina
49,12,2,Limpieza
49,12,14,Cocina
49,13,15,Cocina
49,13,6,Mesero
49,13,11,Cocina
49,13,23,Cocina
49,13,26,Cocina
49,13,2,Cocina
49,13,15,Limpieza
49,13,16,Limpieza
49,14,16,Mesero
49,14,11,Limpieza
49,14,20,Mesero
49,14,18,Cocina
49,14,13,Mesero
49,14,23,Limpieza
49,14,7,Cocina
49,14,26,Limpieza
50,1,4,Limpieza
50,1,17,Cocina
50,1,22,Mesero
50,1,11,Cocina
50,1,16,Mesero
50,1,1,Mesero
50,1,11,Limpieza
50,1,7,Cocina
50,2,20,Cocina
50,2,1,Cocina
50,2,13,Mesero
50,2,25,Mesero
50,2,7,Cocina
50,2,30,Cocina
50,2,28,Mesero
50,2,26,Limpieza
50,3,1,Limpieza
50,3,15,Limpieza
50,3,20,Cocina
50,3,12,Limpieza
50,3,28,Cocina
50,3,21,Cocina
50,3,18,Mesero
50,3,17,Cocina
50,4,29,Mesero
50,4,19,Cocina
50,4,6,Limpieza
50,4,17,Cocina
50,4,14,Cocina
50,4,15,Cocina
50,4,2,Limpieza
50,4,14,Cocina
50,5,4,Cocina
50,5,9,Mesero
50,5,23,Mesero
50,5,28,Cocina
50,5,12,Limpieza
50,5,1,Limpieza
50,5,2,Cocina
50,5,25,Limpieza
50,6,14,Cocina
50,6,29,Mesero
50,6,12,Cocina
50,6,13,Cocina
50,6,1,Cocina
50,6,2,Limpieza
50,6,5,Cocina
50,6,28,Limpieza
50,7,29,Mesero
50,7,3,Limpieza
50,7,3,Limpieza
50,7,27,Cocina
50,7,21,Mesero
50,7,19,Limpieza
50,7,11,Limpieza
50,7,4,Mesero
50,8,4,Cocina
50,8,24,Mesero
50,8,25,Cocina
50,8,5,Mesero
50,8,24,Mesero
50,8,18,Cocina
50,8,13,Cocina
50,8,8,Limpieza
50,9,22,Cocina
50,9,5,Cocina
50,9,14,Mesero
50,9,27,Cocina
50,9,10,Cocina
50,9,4,Cocina
50,9,14,Limpieza
50,9,28,Mesero
50,10,3,Mesero
50,10,30,Cocina
50,10,21,Mesero
50,10,15,Mesero
50,10,5,Mesero
50,10,18,Limpieza
50,10,13,Mesero
50,10,17,Cocina
50,11,30,Limpieza
50,11,28,Cocina
50,11,20,Limpieza
50,11,21,Mesero
50,11,18,Mesero
50,11,25,Limpieza
50,11,26,Mesero
50,11,19,Cocina
50,12,22,Limpieza
50,12,29,Mesero
50,12,26,Mesero
50,12,2,Mesero
50,12,17,Cocina
50,12,24,Mesero
50,12,30,Mesero
50,12,8,Limpieza
50,13,15,Cocina
50,13,6,Mesero
50,13,11,Cocina
50,13,23,Cocina
50,13,26,Cocina
50,13,2,Cocina
50,13,15,Limpieza
50,13,16,Limpieza
50,14,16,Mesero
50,14,11,Limpieza
50,14,20,Mesero
50,14,18,Cocina
50,14,13,Mesero
50,14,23,Limpieza
50,14,7,Cocina
50,14,26,Limpieza
